_fid;idnr;benennung;belegenheit;belegenheit_detail;gruen_code;gruen_art;bezirk;stadtteil;ortsteil;gemarkung;aktualitaet;flaeche_ha;veroeffentlichung_jahr;eigentum;verwaltungsvermoegen;geom;coordinate_reference_system
DE.HH.UP_FRIEDHOEFE_1;49;Alter Friedhof Wandsbek v.1850;Kirchhofstraße 14;Kirchhofstraße 14;71;Friedhöfe;Wandsbek;Wandsbek;507;552;01.10.25;1,7881;;Privat;Privat (Kirche);POLYGON ((10.068120 53.579208,10.068834 53.579290,10.069405 53.579345,10.069458 53.579321,10.069834 53.577553,10.069797 53.577516,10.068672 53.577295,10.068585 53.577594,10.068367 53.578350,10.068120 53.579208));EPSG:4326
DE.HH.UP_FRIEDHOEFE_2;61;Jüdischer Friedhof Königsreihe;Königsreihe;Königsreihe;71;Friedhöfe;Wandsbek;Wandsbek;505;552;01.10.25;0,4894;;Privat;Privat (Jüdische Gmd HH);POLYGON ((10.068040 53.575330,10.068108 53.575110,10.068134 53.575030,10.068169 53.574993,10.068186 53.574942,10.068217 53.574847,10.067804 53.574785,10.067739 53.574775,10.067538 53.574758,10.067390 53.574752,10.066884 53.574753,10.066878 53.574776,10.066767 53.575252,10.066817 53.575260,10.066826 53.575261,10.066986 53.575287,10.067058 53.575300,10.067080 53.575250,10.067090 53.575226,10.067125 53.575197,10.067182 53.575209,10.067226 53.575221,10.067254 53.575230,10.067309 53.575244,10.067378 53.575261,10.067578 53.575290,10.067793 53.575311,10.067854 53.575315,10.067914 53.575319,10.068030 53.575330,10.068040 53.575330));EPSG:4326
DE.HH.UP_FRIEDHOEFE_3;116;Jüdischer Friedhof Schwarzenberg;Schwarzenbergstraße;Schwarzenbergstraße;71;Friedhöfe;Harburg;Harburg;701;709;01.10.25;0,1959;;Privat;Privat (Jüdische Gmd HH);POLYGON ((9.973530 53.463963,9.973527 53.463962,9.973153 53.464345,9.973635 53.464501,9.973664 53.464482,9.974084 53.464209,9.974079 53.464182,9.973530 53.463963));EPSG:4326
DE.HH.UP_FRIEDHOEFE_4;111;Neuer Friedhof Bergedorf;August-Bebel-Straße;August-Bebel-Straße;70;Friedhöfe;Bergedorf;Bergedorf;603;603;01.10.25;13,5232;;FHH;Stadtgrün;POLYGON ((10.249550 53.478887,10.249823 53.478783,10.249917 53.478826,10.250239 53.478573,10.249511 53.478249,10.249308 53.477720,10.248169 53.477848,10.246891 53.477992,10.243398 53.478541,10.243398 53.478541,10.243276 53.478510,10.241408 53.478821,10.240891 53.478892,10.240934 53.478939,10.240934 53.478939,10.241532 53.479594,10.242962 53.481295,10.243181 53.481243,10.246759 53.480384,10.247054 53.480315,10.247510 53.480206,10.247939 53.480105,10.247980 53.480094,10.248035 53.480079,10.248103 53.480059,10.248166 53.480039,10.248221 53.480020,10.248265 53.480004,10.248326 53.479981,10.248377 53.479961,10.248430 53.479937,10.248479 53.479913,10.248516 53.479892,10.248539 53.479878,10.248562 53.479864,10.248617 53.479834,10.248664 53.479803,10.248715 53.479770,10.248747 53.479746,10.248788 53.479717,10.248821 53.479689,10.249369 53.479258,10.249273 53.479214,10.249359 53.479146,10.249325 53.479131,10.249481 53.479008,10.249445 53.478991,10.249550 53.478887));EPSG:4326
DE.HH.UP_FRIEDHOEFE_5;307;Friedhof Finkenriek;Finkenriek;Finkenriek;70;Friedhöfe;Hamburg-Mitte;Wilhelmsburg;136;147;01.10.25;0,1073;;FHH;Stadtgrün;POLYGON ((10.007579 53.479772,10.006899 53.479827,10.006860 53.479900,10.006862 53.480006,10.007500 53.480004,10.007581 53.480003,10.007579 53.479772));EPSG:4326
DE.HH.UP_FRIEDHOEFE_6;208;Friedhof Bergstedt;Bergstedter Chaussee;Bergstedter Chaussee;71;Friedhöfe;Wandsbek;Bergstedt;524;538;01.10.25;8,8458;;Privat;Privat (Kirche);POLYGON ((10.128556 53.670623,10.128911 53.670568,10.129388 53.670496,10.129447 53.670487,10.129909 53.670418,10.129821 53.670247,10.130251 53.670185,10.130489 53.670151,10.130795 53.670106,10.130854 53.670098,10.130606 53.669607,10.131259 53.669505,10.131931 53.669399,10.132027 53.669431,10.131456 53.668302,10.131381 53.668153,10.130801 53.668153,10.129788 53.668162,10.128622 53.668170,10.128187 53.668174,10.127335 53.668182,10.127300 53.668182,10.127298 53.668058,10.126758 53.668062,10.126742 53.668092,10.126698 53.668173,10.125791 53.668176,10.125774 53.668192,10.125748 53.668254,10.125692 53.668406,10.125991 53.668390,10.126217 53.668843,10.126331 53.669072,10.126449 53.669308,10.126550 53.669509,10.126732 53.669873,10.126841 53.670090,10.126629 53.670112,10.126667 53.670202,10.126709 53.670303,10.126686 53.670307,10.126710 53.670443,10.126747 53.670529,10.126727 53.670533,10.126719 53.670535,10.126736 53.670568,10.126769 53.670633,10.126896 53.670883,10.126936 53.670915,10.127000 53.670945,10.127116 53.670968,10.127240 53.670982,10.127359 53.670985,10.128464 53.670924,10.128622 53.670916,10.128661 53.670914,10.128660 53.670913,10.128556 53.670623));EPSG:4326
DE.HH.UP_FRIEDHOEFE_7;502;Friedhof Stellingen;Molkenbuhrstraße;Molkenbuhrstraße;71;Friedhöfe;Eimsbüttel;Stellingen;321;0;01.10.25;1,3661;;Privat;Privat (Kirche);POLYGON ((9.927873 53.590749,9.927902 53.590413,9.927919 53.590188,9.927922 53.590130,9.927896 53.589915,9.927232 53.589641,9.926601 53.590163,9.925459 53.589716,9.925343 53.589671,9.925219 53.589867,9.925156 53.589968,9.925017 53.590206,9.925137 53.590246,9.925179 53.590261,9.925449 53.590351,9.926180 53.590595,9.926269 53.590624,9.926649 53.590739,9.926913 53.590428,9.927873 53.590749));EPSG:4326
DE.HH.UP_FRIEDHOEFE_8;446;Friedhof Finkenriek;König-Georg-Deich;König-Georg-Deich;70;Friedhöfe;Hamburg-Mitte;Wilhelmsburg;136;0;01.10.25;1,5254;;FHH;Stadtgrün;POLYGON ((10.003147 53.474214,10.003114 53.474197,10.002185 53.474272,10.002008 53.474290,10.001983 53.474294,10.001989 53.474316,10.002002 53.474359,10.002043 53.474514,10.001660 53.474570,10.001662 53.474573,10.001668 53.474763,10.001668 53.474769,10.001707 53.474893,10.001626 53.474902,10.001236 53.474945,10.001307 53.475086,10.001602 53.475669,10.001721 53.475624,10.001731 53.475620,10.001843 53.475580,10.001960 53.475546,10.002082 53.475517,10.002165 53.475500,10.002250 53.475486,10.002529 53.475448,10.002809 53.475416,10.003092 53.475390,10.003210 53.475381,10.003335 53.475373,10.003319 53.475212,10.003275 53.474767,10.003270 53.474710,10.003247 53.474479,10.003225 53.474255,10.003147 53.474214));EPSG:4326
DE.HH.UP_FRIEDHOEFE_9;447;Friedhof Finkenriek;König-Georg-Deich;König-Georg-Deich;70;Friedhöfe;Hamburg-Mitte;Wilhelmsburg;136;0;01.10.25;7,0166;;FHH;Stadtgrün;POLYGON ((10.008493 53.475450,10.008844 53.475204,10.009073 53.475089,10.009484 53.474915,10.009684 53.474850,10.010151 53.474766,10.010377 53.474740,10.010464 53.474430,10.010481 53.474372,10.007775 53.473946,10.007331 53.473884,10.006817 53.473853,10.006329 53.473879,10.006230 53.473900,10.005618 53.474029,10.005602 53.474065,10.005595 53.474082,10.005562 53.474120,10.005521 53.474150,10.005468 53.474172,10.005413 53.474186,10.005352 53.474191,10.005293 53.474188,10.005238 53.474177,10.005190 53.474159,10.005091 53.474107,10.005052 53.474093,10.005005 53.474080,10.004952 53.474070,10.004900 53.474064,10.004829 53.474063,10.003435 53.474188,10.003398 53.474216,10.003420 53.474458,10.003506 53.475367,10.003530 53.475366,10.003702 53.475365,10.003874 53.475368,10.004045 53.475376,10.004215 53.475388,10.004459 53.475411,10.004701 53.475439,10.004941 53.475472,10.005179 53.475509,10.007547 53.475910,10.007657 53.475929,10.007717 53.475832,10.007746 53.475786,10.008031 53.475683,10.008072 53.475668,10.008493 53.475450));EPSG:4326
DE.HH.UP_FRIEDHOEFE_10;623;Heidefriedhof Neugraben;Falkenbergsweg;Falkenbergsweg;70;Friedhöfe;Harburg;Hausbruch;714;0;01.10.25;15,1307;;FHH;Stadtgrün;POLYGON ((9.869743 53.450726,9.869928 53.450388,9.870888 53.450367,9.871887 53.450228,9.872943 53.450082,9.873595 53.449992,9.874240 53.448224,9.873598 53.446003,9.872306 53.446209,9.871658 53.446373,9.870979 53.446540,9.870754 53.446607,9.869992 53.446635,9.869822 53.446656,9.869480 53.446713,9.869449 53.446798,9.869015 53.448025,9.868509 53.449342,9.868284 53.449944,9.868093 53.450458,9.868079 53.450497,9.868191 53.450490,9.868609 53.450464,9.868992 53.450441,9.869439 53.450413,9.869352 53.450682,9.868883 53.450726,9.868606 53.450736,9.868548 53.451211,9.869296 53.451459,9.869639 53.450733,9.869743 53.450726));EPSG:4326
DE.HH.UP_FRIEDHOEFE_11;624;Friedhof Neugraben-Fischbek;Scheideholzweg;Scheideholzweg;70;Friedhöfe;Harburg;Neugraben-Fischbek;715;0;01.10.25;2,3673;;FHH;Stadtgrün;POLYGON ((9.843784 53.470753,9.844243 53.470614,9.844362 53.470496,9.844171 53.470304,9.844156 53.470287,9.844104 53.470230,9.844057 53.470171,9.844015 53.470111,9.843970 53.470035,9.843933 53.469957,9.843905 53.469881,9.843885 53.469804,9.843380 53.469795,9.843372 53.469770,9.842455 53.469528,9.842209 53.469463,9.841147 53.469413,9.841104 53.469469,9.841079 53.469702,9.841072 53.469769,9.841009 53.470333,9.841611 53.470245,9.841708 53.470554,9.841753 53.470706,9.841941 53.470674,9.842381 53.470597,9.842594 53.470560,9.842597 53.470660,9.842783 53.470627,9.842770 53.470813,9.843007 53.470819,9.843084 53.470850,9.843122 53.470883,9.843132 53.470896,9.843130 53.470932,9.843299 53.470964,9.843468 53.470873,9.843567 53.470828,9.843674 53.470788,9.843784 53.470753));EPSG:4326
DE.HH.UP_FRIEDHOEFE_12;682;Friedhof Bramfeld;Berner Chaussee 50;Berner Chaussee 50;71;Friedhöfe;Wandsbek;Bramfeld;515;0;01.10.25;3,2995;;Privat;Privat (Kirche);POLYGON ((10.087994 53.617847,10.088135 53.617844,10.088664 53.617842,10.088680 53.617842,10.088900 53.617845,10.088938 53.617846,10.088939 53.617834,10.088983 53.617476,10.089497 53.617500,10.089512 53.617408,10.089774 53.617420,10.089776 53.617395,10.089797 53.617153,10.089811 53.616987,10.089812 53.616973,10.089831 53.616746,10.089842 53.616615,10.089847 53.616562,10.089847 53.616562,10.089858 53.616435,10.089865 53.616346,10.089873 53.616256,10.089883 53.616140,10.088608 53.616107,10.088578 53.616526,10.087800 53.616503,10.087809 53.616369,10.087372 53.616356,10.087372 53.616356,10.086458 53.616330,10.086463 53.616335,10.086625 53.616502,10.086678 53.616801,10.086706 53.616960,10.086713 53.616997,10.086722 53.617049,10.086747 53.617185,10.086746 53.617185,10.086729 53.617188,10.086743 53.617265,10.086771 53.617421,10.086799 53.617577,10.086849 53.617856,10.086851 53.617869,10.086856 53.617869,10.086860 53.617869,10.087692 53.617852,10.087847 53.617849,10.087994 53.617847));EPSG:4326
DE.HH.UP_FRIEDHOEFE_13;626;Friedhof Wilstorf;Am Frankenberg;Am Frankenberg;71;Friedhöfe;Harburg;Wilstorf;705;722;01.10.25;0,2128;;Privat;evan. Kirche;POLYGON ((9.981542 53.437415,9.981653 53.437706,9.982202 53.437627,9.982602 53.437569,9.982537 53.437368,9.982496 53.437270,9.982089 53.437351,9.981542 53.437415));EPSG:4326
DE.HH.UP_FRIEDHOEFE_14;627;Alter Friedhof Neuenfelde;Organistenweg;Organistenweg;71;Friedhöfe;Harburg;Neuenfelde;717;703;01.10.25;0,4731;;Privat;evan. Kirche;POLYGON ((9.810461 53.520718,9.810443 53.520782,9.810413 53.520887,9.810487 53.521023,9.810523 53.521045,9.810551 53.521028,9.810636 53.521052,9.810848 53.521069,9.810976 53.521063,9.811100 53.521040,9.811635 53.520899,9.811670 53.520899,9.811623 53.520483,9.811431 53.520465,9.811049 53.520427,9.810939 53.520422,9.810763 53.520458,9.810711 53.520474,9.810593 53.520554,9.810461 53.520718));EPSG:4326
DE.HH.UP_FRIEDHOEFE_15;628;Friedhof Neuenfelde;Organistenweg;Organistenweg;71;Friedhöfe;Harburg;Neuenfelde;717;0;01.10.25;2,2521;;Privat;evan. Kirche;POLYGON ((9.807783 53.520776,9.807755 53.520539,9.807739 53.520406,9.807566 53.518929,9.805725 53.519046,9.806000 53.520494,9.806251 53.520643,9.806364 53.520671,9.806812 53.520620,9.806840 53.520689,9.807017 53.520658,9.807032 53.520669,9.807184 53.520658,9.807441 53.520647,9.807473 53.520647,9.807504 53.520650,9.807533 53.520657,9.807560 53.520667,9.807584 53.520679,9.807604 53.520694,9.807619 53.520710,9.807630 53.520728,9.807635 53.520746,9.807680 53.521114,9.807668 53.521167,9.807726 53.521153,9.807803 53.521132,9.807894 53.521129,9.807821 53.521095,9.807783 53.520776));EPSG:4326
DE.HH.UP_FRIEDHOEFE_16;654;Waldfriedhof Wohldorf;Ole Boomgaarden;Ole Boomgaarden;70;Friedhöfe;Wandsbek;Wohldorf-Ohlstedt;523;0;01.10.25;4,8688;;Privat;HF;POLYGON ((10.156853 53.708507,10.156931 53.708584,10.157593 53.708348,10.157587 53.708342,10.157516 53.708276,10.157519 53.708275,10.157515 53.708271,10.157978 53.708097,10.158436 53.707919,10.159004 53.707686,10.159184 53.707610,10.159111 53.707543,10.159380 53.707428,10.159383 53.707383,10.159339 53.707360,10.159115 53.707535,10.157603 53.707509,10.155355 53.706678,10.154925 53.706964,10.154813 53.707038,10.154539 53.707220,10.154379 53.707239,10.154038 53.707281,10.154035 53.707281,10.153978 53.707288,10.153906 53.707296,10.154019 53.707764,10.153691 53.707793,10.153773 53.708246,10.154114 53.708383,10.154388 53.708494,10.154867 53.708992,10.155023 53.709156,10.155079 53.709139,10.155126 53.709124,10.155108 53.709104,10.155109 53.709104,10.155106 53.709100,10.155221 53.709036,10.155634 53.708909,10.156044 53.708779,10.156450 53.708645,10.156853 53.708507));EPSG:4326
DE.HH.UP_FRIEDHOEFE_17;655;Jüdischer Friedhof Jenfelder Straße;Jenfelder Straße;Jenfelder Straße;70;Friedhöfe;Wandsbek;Tonndorf;513;549;01.10.25;0,1103;;Privat;Privat (Jüdische Gmd HH);POLYGON ((10.109824 53.577806,10.109640 53.577951,10.110429 53.578344,10.110545 53.578261,10.109824 53.577806));EPSG:4326
DE.HH.UP_FRIEDHOEFE_18;798;Alter Friedhof Niendorf;Friedrich-Ebert-Straße;Friedrich-Ebert-Straße;71;Friedhöfe;Eimsbüttel;Niendorf;318;0;01.10.25;5,0718;;Privat;Privat (Kirche);POLYGON ((9.949723 53.617457,9.949735 53.617413,9.949786 53.617252,9.950113 53.616556,9.950565 53.616609,9.950568 53.616598,9.950619 53.616438,9.950679 53.616256,9.950779 53.615971,9.950859 53.615763,9.950907 53.615625,9.950927 53.615537,9.950953 53.615457,9.950987 53.615296,9.951086 53.614804,9.951119 53.614692,9.951165 53.614564,9.951237 53.614405,9.951286 53.614307,9.951331 53.614225,9.951382 53.614155,9.951416 53.614114,9.950747 53.614114,9.950260 53.614177,9.949524 53.614278,9.949036 53.614367,9.948738 53.615306,9.948600 53.615589,9.948564 53.615849,9.948564 53.615916,9.948141 53.616847,9.947954 53.617256,9.948795 53.617391,9.948783 53.617422,9.948818 53.617431,9.949508 53.617539,9.949549 53.617450,9.949810 53.617670,9.949895 53.617621,9.949768 53.617517,9.949723 53.617457));EPSG:4326
DE.HH.UP_FRIEDHOEFE_19;820;Friedhof Kirchdorfer Amtshof;Kirchdorfer Straße;Kirchdorfer Straße;70;Friedhöfe;Hamburg-Mitte;Wilhelmsburg;136;147;01.10.25;1,1479;;FHH;Stadtgrün;POLYGON ((10.017754 53.487667,10.018064 53.487532,10.018413 53.487824,10.018478 53.487879,10.018319 53.487948,10.017999 53.488088,10.017926 53.488028,10.017949 53.488018,10.017811 53.487906,10.017734 53.487938,10.017642 53.487953,10.017506 53.487942,10.018024 53.488344,10.018651 53.488170,10.019322 53.487946,10.019266 53.487877,10.018911 53.487544,10.018652 53.487261,10.018518 53.487140,10.017960 53.486855,10.017027 53.487505,10.017358 53.487816,10.017474 53.487911,10.017490 53.487832,10.017535 53.487790,10.017776 53.487686,10.017754 53.487667));EPSG:4326
DE.HH.UP_FRIEDHOEFE_20;821;Friedhof Finkenriek;König-Georg-Deich - Kornweide;König-Georg-Deich - Kornweide;70;Friedhöfe;Hamburg-Mitte;Wilhelmsburg;136;147;01.10.25;11,1397;;FHH;Stadtgrün;POLYGON ((10.006766 53.480610,10.006698 53.480285,10.006685 53.480051,10.006681 53.479883,10.006746 53.479884,10.006902 53.479685,10.006950 53.479570,10.006954 53.479502,10.006965 53.479415,10.006815 53.479437,10.006815 53.479437,10.006494 53.479037,10.006353 53.478861,10.006353 53.478861,10.006329 53.478832,10.006305 53.478847,10.006239 53.478886,10.006187 53.478913,10.006111 53.478938,10.006011 53.478974,10.005981 53.478941,10.006006 53.478932,10.006065 53.478904,10.006096 53.478886,10.006146 53.478848,10.006168 53.478822,10.006204 53.478783,10.006219 53.478747,10.006233 53.478706,10.006234 53.478685,10.006235 53.478662,10.006224 53.478637,10.006212 53.478602,10.006195 53.478580,10.006173 53.478556,10.006147 53.478529,10.006112 53.478506,10.006073 53.478486,10.006017 53.478461,10.005971 53.478432,10.005924 53.478397,10.005893 53.478367,10.005856 53.478332,10.005828 53.478297,10.005805 53.478262,10.005781 53.478214,10.005772 53.478177,10.005770 53.478152,10.005769 53.478119,10.005775 53.478073,10.005789 53.478042,10.005810 53.477995,10.005843 53.477950,10.005882 53.477886,10.005966 53.477773,10.006031 53.477682,10.006094 53.477600,10.006118 53.477551,10.006134 53.477515,10.006140 53.477462,10.006137 53.477422,10.006140 53.477389,10.006139 53.477364,10.006155 53.477332,10.006169 53.477301,10.006179 53.477284,10.006195 53.477259,10.006232 53.477218,10.006277 53.477183,10.006357 53.477128,10.006462 53.477066,10.006614 53.476975,10.006697 53.476929,10.006750 53.476897,10.006859 53.476834,10.007008 53.476745,10.007149 53.476660,10.007297 53.476568,10.007304 53.476563,10.007417 53.476494,10.007494 53.476444,10.007579 53.476385,10.007649 53.476342,10.007687 53.476316,10.007717 53.476296,10.007731 53.476289,10.007681 53.476259,10.007681 53.476259,10.007716 53.476184,10.007725 53.476164,10.007726 53.476163,10.007449 53.476116,10.007199 53.476074,10.004953 53.475698,10.004739 53.475664,10.004645 53.475654,10.004256 53.475613,10.003998 53.475596,10.003730 53.475590,10.003689 53.475592,10.003633 53.475593,10.003148 53.475602,10.002831 53.475630,10.001997 53.475752,10.002003 53.475794,10.002009 53.475829,10.001988 53.475835,10.001817 53.475882,10.001788 53.475890,10.001788 53.475890,10.003216 53.477663,10.003211 53.477664,10.003216 53.477670,10.003087 53.477707,10.002959 53.477743,10.002962 53.477748,10.002962 53.477748,10.003125 53.477950,10.003125 53.477950,10.003291 53.478157,10.003454 53.478359,10.003614 53.478557,10.003771 53.478752,10.003911 53.478926,10.004048 53.479096,10.004188 53.479270,10.004302 53.479412,10.004369 53.479495,10.004382 53.479510,10.004431 53.479501,10.004468 53.479491,10.004506 53.479479,10.004540 53.479450,10.004560 53.479431,10.004578 53.479405,10.004605 53.479388,10.004633 53.479373,10.004692 53.479350,10.004852 53.479302,10.005132 53.479212,10.005267 53.479169,10.005470 53.479107,10.005614 53.479057,10.005867 53.478978,10.005920 53.478964,10.005955 53.479002,10.005900 53.479018,10.005770 53.479061,10.005690 53.479090,10.005574 53.479130,10.005483 53.479157,10.005421 53.479177,10.005321 53.479213,10.005234 53.479235,10.005113 53.479278,10.004992 53.479318,10.004892 53.479349,10.004796 53.479381,10.004755 53.479396,10.004735 53.479408,10.004664 53.479430,10.004591 53.479458,10.004557 53.479471,10.004514 53.479496,10.004604 53.479474,10.004683 53.479450,10.004683 53.479450,10.004694 53.479470,10.004705 53.479491,10.004800 53.479672,10.004869 53.479804,10.004869 53.479804,10.004998 53.480048,10.005032 53.480113,10.005045 53.480137,10.005053 53.480152,10.005084 53.480210,10.005084 53.480210,10.005084 53.480210,10.005037 53.480218,10.005122 53.480381,10.005201 53.480533,10.005549 53.480473,10.005695 53.480447,10.005842 53.480422,10.006050 53.480809,10.006136 53.480790,10.006286 53.480761,10.006586 53.480709,10.006766 53.480610));EPSG:4326
DE.HH.UP_FRIEDHOEFE_21;823;Friedhof Altenwerder;Altenwerder Querweg;Altenwerder Querweg;70;Friedhöfe;Harburg;Altenwerder;713;0;01.10.25;0,8108;;Privat;HPA;POLYGON ((9.917182 53.506344,9.917963 53.506399,9.917963 53.506399,9.917963 53.506399,9.918121 53.506410,9.918122 53.506405,9.918127 53.506375,9.918324 53.505273,9.917421 53.505201,9.917338 53.505183,9.917338 53.505185,9.917301 53.505693,9.917238 53.506001,9.917182 53.506342,9.917182 53.506344));EPSG:4326
DE.HH.UP_FRIEDHOEFE_22;1082;Waldfriedhof Volksdorf;Schmalenremen;Schmalenremen;70;Friedhöfe;Wandsbek;Volksdorf;525;0;01.10.25;16,8646;;Privat;HF;POLYGON ((10.159037 53.670637,10.161665 53.669356,10.160296 53.667456,10.160242 53.667469,10.160216 53.667476,10.160213 53.667477,10.160207 53.667478,10.160202 53.667479,10.160196 53.667480,10.160191 53.667481,10.160185 53.667481,10.160179 53.667482,10.160174 53.667483,10.160168 53.667484,10.160162 53.667484,10.160157 53.667485,10.160151 53.667485,10.160145 53.667486,10.160139 53.667486,10.160134 53.667487,10.160128 53.667487,10.160122 53.667487,10.160116 53.667487,10.160110 53.667487,10.160105 53.667487,10.160099 53.667487,10.160093 53.667487,10.160087 53.667487,10.160081 53.667487,10.160076 53.667486,10.160070 53.667486,10.160064 53.667486,10.160058 53.667485,10.160052 53.667485,10.160047 53.667484,10.160041 53.667484,10.160035 53.667483,10.160030 53.667482,10.160024 53.667481,10.160018 53.667480,10.160013 53.667479,10.160007 53.667478,10.160002 53.667477,10.159996 53.667476,10.159991 53.667475,10.159985 53.667474,10.159980 53.667473,10.159975 53.667471,10.159969 53.667470,10.159964 53.667469,10.159959 53.667467,10.159953 53.667466,10.159948 53.667464,10.159943 53.667462,10.159938 53.667461,10.159933 53.667459,10.159928 53.667457,10.159923 53.667455,10.159919 53.667453,10.159914 53.667451,10.159909 53.667449,10.159904 53.667447,10.159900 53.667445,10.159895 53.667443,10.159891 53.667441,10.159886 53.667439,10.159882 53.667436,10.159878 53.667434,10.159875 53.667432,10.159875 53.667431,10.159880 53.667430,10.159846 53.667408,10.159819 53.667382,10.159798 53.667355,10.159784 53.667326,10.159778 53.667296,10.159780 53.667265,10.160011 53.666062,10.159892 53.665967,10.157139 53.665839,10.156878 53.665826,10.156838 53.665816,10.156696 53.665780,10.156605 53.666059,10.156268 53.666025,10.155820 53.665980,10.154630 53.670147,10.154706 53.670144,10.154781 53.670142,10.154932 53.670140,10.155008 53.670140,10.155084 53.670141,10.155159 53.670141,10.155235 53.670142,10.155311 53.670145,10.155386 53.670146,10.155462 53.670147,10.155523 53.670149,10.155569 53.670150,10.155681 53.670153,10.155681 53.670155,10.155686 53.670155,10.155607 53.670424,10.158929 53.670089,10.159033 53.670637,10.159036 53.670636,10.159037 53.670637),(10.157229 53.666270,10.157350 53.665869,10.158107 53.665905,10.158106 53.665913,10.157436 53.666293,10.157229 53.666270));EPSG:4326
DE.HH.UP_FRIEDHOEFE_23;1085;Friedhof Rahlstedt;Am Friedhof;Am Friedhof;71;Friedhöfe;Wandsbek;Rahlstedt;526;0;01.10.25;8,573;;Privat;Privat (Kirche);POLYGON ((10.154049 53.591375,10.153111 53.593912,10.152797 53.594738,10.152381 53.595843,10.153165 53.595952,10.153556 53.596001,10.153685 53.596021,10.153686 53.596029,10.153778 53.596044,10.154003 53.596079,10.154227 53.596115,10.154506 53.596158,10.154706 53.596190,10.154775 53.596201,10.154789 53.596139,10.154837 53.596008,10.154880 53.595886,10.154924 53.595764,10.154968 53.595642,10.155014 53.595520,10.155058 53.595398,10.155084 53.595329,10.155123 53.595223,10.155166 53.595106,10.155209 53.594989,10.155252 53.594872,10.155295 53.594755,10.155338 53.594638,10.155380 53.594520,10.155428 53.594389,10.155472 53.594266,10.155517 53.594143,10.155537 53.594088,10.155561 53.594020,10.155628 53.593835,10.155698 53.593642,10.155747 53.593506,10.155792 53.593384,10.155836 53.593261,10.155881 53.593136,10.155926 53.593012,10.155971 53.592888,10.156016 53.592763,10.156064 53.592634,10.156112 53.592504,10.156159 53.592375,10.156206 53.592245,10.156254 53.592116,10.156269 53.592074,10.156301 53.591986,10.156349 53.591856,10.156395 53.591727,10.156436 53.591617,10.156460 53.591548,10.156498 53.591441,10.154242 53.591253,10.154086 53.591311,10.154049 53.591375));EPSG:4326
DE.HH.UP_FRIEDHOEFE_24;316;Friedhof Langenbek;Meckelfelder Weg;Meckelfelder Weg;70;Friedhöfe;Harburg;Sinstorf;708;0;01.10.25;13,4598;;FHH;Stadtgrün;POLYGON ((9.992695 53.429588,9.992708 53.429468,9.992875 53.429475,9.993116 53.429485,9.993281 53.428615,9.993473 53.428567,9.993667 53.428518,9.994065 53.428418,9.994365 53.428343,9.994569 53.428292,9.995228 53.428126,9.995791 53.427985,9.996268 53.427865,9.996269 53.427822,9.996926 53.427659,9.997299 53.427566,9.997543 53.427505,9.998084 53.427370,9.998078 53.427158,9.998065 53.426860,9.998064 53.426825,9.998055 53.426534,9.998053 53.426464,9.998018 53.426353,9.997975 53.426295,9.994310 53.426214,9.993025 53.426176,9.992995 53.426176,9.992853 53.426170,9.992600 53.426154,9.992347 53.426132,9.992097 53.426103,9.991849 53.426067,9.991604 53.426025,9.991363 53.425976,9.991125 53.425920,9.990892 53.425858,9.990664 53.425790,9.990441 53.425716,9.990224 53.425636,9.990014 53.425550,9.989810 53.425459,9.989613 53.425362,9.989424 53.425260,9.989233 53.425286,9.989295 53.425448,9.988957 53.425493,9.988477 53.425406,9.988294 53.425413,9.987928 53.425462,9.988049 53.425740,9.988095 53.425811,9.988072 53.425884,9.988031 53.425909,9.987992 53.425969,9.988007 53.426085,9.988107 53.426426,9.988705 53.426420,9.988790 53.426644,9.988807 53.426706,9.988943 53.427199,9.988955 53.427256,9.989013 53.427241,9.989158 53.427274,9.989248 53.427295,9.989340 53.427316,9.989430 53.427336,9.989523 53.427358,9.989615 53.427379,9.989710 53.427401,9.990024 53.427473,9.990094 53.427489,9.990143 53.427500,9.990236 53.427522,9.990329 53.427543,9.990423 53.427565,9.990515 53.427586,9.990606 53.427607,9.991020 53.427702,9.991116 53.427724,9.991211 53.427746,9.991283 53.427762,9.991498 53.428065,9.991666 53.428302,9.991841 53.428549,9.992001 53.428775,9.992037 53.428825,9.992726 53.428678,9.992625 53.429462,9.992569 53.429902,9.992659 53.429933,9.992673 53.429801,9.992679 53.429748,9.992684 53.429695,9.992690 53.429642,9.992695 53.429588),(9.991690 53.427671,9.991358 53.426854,9.992488 53.426668,9.992788 53.427423,9.991690 53.427671));EPSG:4326
DE.HH.UP_FRIEDHOEFE_25;1198;Friedhof Hinschenfelde;Walddörferstraße 369;Walddörferstraße 369;71;Friedhöfe;Wandsbek;Tonndorf;513;0;01.10.25;2,823;;Privat;Privat (Kirche);POLYGON ((10.109753 53.586774,10.109677 53.586729,10.109608 53.586798,10.109453 53.586952,10.109329 53.587076,10.109214 53.587192,10.109095 53.587311,10.108978 53.587428,10.108869 53.587537,10.108761 53.587646,10.108650 53.587757,10.108541 53.587866,10.108435 53.587973,10.108316 53.588092,10.108209 53.588199,10.108096 53.588313,10.107996 53.588413,10.107889 53.588520,10.107783 53.588627,10.107344 53.589066,10.107697 53.589401,10.108128 53.589812,10.108777 53.589197,10.110702 53.587372,10.110702 53.587372,10.110683 53.587367,10.110683 53.587367,10.110540 53.587315,10.110237 53.587102,10.110237 53.587102,10.110071 53.587021,10.109917 53.586941,10.109753 53.586774,10.109753 53.586774));EPSG:4326
DE.HH.UP_FRIEDHOEFE_26;1320;Neuer Friedhof Finkenwerder;Finkenwerder Landscheideweg;Finkenwerder Landscheideweg;70;Friedhöfe;Hamburg-Mitte;Finkenwerder;141;106;01.10.25;4,9712;;FHH;Stadtgrün;POLYGON ((9.874335 53.527982,9.874370 53.528754,9.874397 53.529511,9.874714 53.529514,9.875645 53.529521,9.875878 53.529523,9.877013 53.529532,9.877182 53.529533,9.877155 53.529164,9.877155 53.529162,9.877068 53.528155,9.876998 53.527350,9.876959 53.527351,9.876939 53.527057,9.876962 53.526983,9.874653 53.527094,9.874645 53.527089,9.874355 53.527090,9.874338 53.527208,9.874315 53.527325,9.874313 53.527405,9.874319 53.527466,9.874325 53.527673,9.874328 53.527697,9.874333 53.527750,9.874335 53.527982));EPSG:4326
DE.HH.UP_FRIEDHOEFE_27;2464;Friedhof Bernadottestraße;Bernadottestraße;Bernadottestraße;71;Friedhöfe;Altona;Ottensen;212;212;01.10.25;2,6935;;Privat;Privat (Kirche);POLYGON ((9.919822 53.548545,9.919555 53.548527,9.919290 53.548519,9.919451 53.550859,9.919529 53.550900,9.920168 53.550863,9.920443 53.550844,9.920748 53.550824,9.921065 53.550796,9.921058 53.550747,9.921046 53.550647,9.921041 53.550601,9.920967 53.549935,9.920958 53.549866,9.920913 53.549494,9.920911 53.549479,9.920882 53.549233,9.920862 53.549033,9.920855 53.548966,9.920850 53.548912,9.920845 53.548858,9.920839 53.548803,9.920836 53.548776,9.920829 53.548701,9.920829 53.548699,9.920823 53.548645,9.920812 53.548546,9.920804 53.548476,9.920260 53.548528,9.919822 53.548545));EPSG:4326
DE.HH.UP_FRIEDHOEFE_28;1728;Jüdischer Friedhof Ohlsdorf;Ilandkoppel;Ilandkoppel;71;Friedhöfe;Hamburg-Nord;Ohlsdorf;430;0;01.10.25;10,1668;;FHH;Stadtgrün;POLYGON ((10.040863 53.612301,10.041096 53.611962,10.040342 53.611809,10.039860 53.611711,10.039455 53.611629,10.039056 53.612160,10.038427 53.611983,10.037411 53.613647,10.037070 53.614215,10.036176 53.615268,10.037795 53.615521,10.039335 53.615385,10.042231 53.614763,10.041118 53.612907,10.041055 53.612880,10.040589 53.612700,10.040863 53.612301));EPSG:4326
DE.HH.UP_FRIEDHOEFE_29;1732;Hauptfriedhof Ohlsdorf;Fuhlsbüttler Straße;Fuhlsbüttler Straße;70;Friedhöfe;Hamburg-Nord;Ohlsdorf;430;0;01.10.25;388,7223;;Privat;HF;POLYGON ((10.077976 53.629439,10.077981 53.628856,10.081940 53.628834,10.082297 53.628670,10.082348 53.628647,10.082351 53.628645,10.084571 53.627497,10.084572 53.627150,10.084573 53.627005,10.084633 53.627005,10.084724 53.627004,10.084874 53.626995,10.085023 53.626979,10.085159 53.626957,10.085204 53.626925,10.085153 53.626739,10.085174 53.626673,10.084975 53.625892,10.084568 53.625931,10.084547 53.625848,10.084535 53.625798,10.084522 53.625749,10.084345 53.625747,10.084312 53.625627,10.084264 53.625450,10.084228 53.625317,10.084192 53.625184,10.084190 53.625175,10.083592 53.625228,10.083570 53.625120,10.083516 53.624851,10.083489 53.624716,10.083462 53.624580,10.083435 53.624445,10.082682 53.624513,10.082384 53.624540,10.082130 53.624563,10.081907 53.624583,10.081636 53.624608,10.081615 53.624610,10.081475 53.624778,10.081449 53.624792,10.081411 53.624813,10.081357 53.624807,10.081281 53.624799,10.081065 53.624762,10.081046 53.624721,10.080652 53.624332,10.080636 53.624279,10.080594 53.624028,10.080384 53.623627,10.080352 53.623641,10.080112 53.623583,10.080116 53.623549,10.080146 53.623460,10.080163 53.623344,10.080157 53.623263,10.080126 53.623161,10.080067 53.622956,10.080039 53.622907,10.079948 53.622772,10.079918 53.622728,10.079806 53.622580,10.079800 53.622573,10.079671 53.622419,10.079519 53.622263,10.079412 53.622143,10.079358 53.622078,10.079196 53.621905,10.079148 53.621862,10.079107 53.621828,10.078580 53.621930,10.077979 53.622042,10.077914 53.622054,10.077799 53.622076,10.077314 53.621147,10.077606 53.621092,10.077466 53.620746,10.077370 53.620542,10.077264 53.620340,10.077144 53.620151,10.076831 53.620209,10.076505 53.620272,10.075356 53.619659,10.075409 53.619584,10.074258 53.618968,10.074114 53.618972,10.073160 53.619293,10.072893 53.619187,10.072629 53.619083,10.072422 53.619001,10.072422 53.619001,10.071709 53.619250,10.071709 53.619250,10.071518 53.619300,10.071373 53.619324,10.071157 53.619338,10.070773 53.619350,10.070608 53.619361,10.070495 53.619374,10.070375 53.619393,10.070258 53.619424,10.070151 53.619461,10.069829 53.619591,10.069384 53.619761,10.069233 53.619792,10.069070 53.619806,10.068899 53.619808,10.067747 53.619732,10.067701 53.619732,10.067654 53.619735,10.067561 53.619743,10.067482 53.619753,10.067426 53.619765,10.065961 53.620218,10.065825 53.620259,10.065690 53.620290,10.065521 53.620308,10.064952 53.620334,10.064802 53.620344,10.064654 53.620364,10.064507 53.620390,10.064068 53.620469,10.063952 53.620486,10.063654 53.620517,10.063353 53.620535,10.063052 53.620545,10.062749 53.620545,10.062448 53.620535,10.062148 53.620514,10.061850 53.620484,10.061555 53.620444,10.061342 53.620407,10.061265 53.620394,10.060980 53.620335,10.060701 53.620266,10.060428 53.620189,10.060120 53.620088,10.059835 53.619984,10.059478 53.619849,10.059100 53.619702,10.058871 53.619599,10.058761 53.619539,10.058613 53.619446,10.058407 53.619305,10.057277 53.618477,10.057186 53.618385,10.056939 53.618094,10.056696 53.617805,10.056646 53.617727,10.056274 53.617073,10.056115 53.617097,10.055082 53.617256,10.054670 53.617320,10.054207 53.617480,10.054078 53.617525,10.049899 53.618964,10.049760 53.619012,10.049593 53.618763,10.049533 53.618664,10.049128 53.618057,10.049019 53.617897,10.048886 53.617694,10.048780 53.617551,10.048523 53.617220,10.048211 53.616816,10.048206 53.616817,10.048128 53.616720,10.047918 53.616453,10.047900 53.616429,10.047703 53.616171,10.047380 53.615756,10.047178 53.615484,10.047102 53.615382,10.046124 53.614090,10.046014 53.613950,10.045733 53.613590,10.045733 53.613589,10.045733 53.613589,10.045489 53.613276,10.044677 53.613217,10.044226 53.613187,10.043324 53.613134,10.042963 53.613116,10.042601 53.613100,10.042148 53.613085,10.041795 53.613077,10.041739 53.613078,10.041685 53.613085,10.041632 53.613097,10.041584 53.613113,10.041541 53.613135,10.041505 53.613160,10.041475 53.613188,10.041454 53.613218,10.041442 53.613251,10.041438 53.613284,10.041443 53.613317,10.041457 53.613349,10.042292 53.614750,10.042313 53.614785,10.042319 53.614784,10.042324 53.614783,10.042330 53.614783,10.042336 53.614784,10.042341 53.614785,10.042346 53.614786,10.042351 53.614789,10.042354 53.614791,10.042357 53.614794,10.042360 53.614797,10.042354 53.614798,10.042380 53.614844,10.042387 53.614843,10.042390 53.614850,10.042392 53.614858,10.042392 53.614865,10.042390 53.614873,10.042385 53.614880,10.042379 53.614887,10.042371 53.614893,10.042362 53.614898,10.042351 53.614902,10.039776 53.615455,10.039449 53.615525,10.039428 53.615567,10.039395 53.615635,10.039389 53.615646,10.039365 53.615694,10.039293 53.615851,10.039253 53.615926,10.039218 53.616006,10.039031 53.616023,10.038778 53.616046,10.038524 53.616069,10.038367 53.616083,10.038190 53.616099,10.037991 53.616117,10.037792 53.616135,10.037716 53.616142,10.037468 53.616160,10.037350 53.616660,10.037266 53.616740,10.034955 53.616713,10.034753 53.617272,10.034283 53.619070,10.034248 53.619203,10.034247 53.619209,10.034248 53.619215,10.034250 53.619220,10.034254 53.619225,10.034259 53.619230,10.034266 53.619235,10.034273 53.619238,10.034282 53.619241,10.034291 53.619243,10.034286 53.619293,10.034286 53.619378,10.034286 53.619422,10.034269 53.619423,10.034251 53.619426,10.034235 53.619430,10.034220 53.619436,10.034206 53.619443,10.034195 53.619451,10.034186 53.619460,10.034179 53.619469,10.034169 53.619495,10.034166 53.619521,10.034171 53.619547,10.034182 53.619572,10.034200 53.619596,10.034224 53.619618,10.034245 53.619637,10.034261 53.619659,10.034269 53.619682,10.034269 53.619834,10.034263 53.619850,10.034253 53.619865,10.034240 53.619879,10.034223 53.619892,10.034203 53.619903,10.034152 53.619931,10.034106 53.619961,10.034066 53.619995,10.034032 53.620031,10.034028 53.620037,10.034025 53.620045,10.034024 53.620052,10.034026 53.620059,10.034029 53.620066,10.034034 53.620073,10.034041 53.620079,10.034050 53.620084,10.034060 53.620089,10.034071 53.620092,10.034082 53.620094,10.034095 53.620095,10.034090 53.620140,10.034090 53.620225,10.034094 53.620275,10.034106 53.620332,10.034023 53.620335,10.034023 53.620320,10.033972 53.620321,10.033972 53.620346,10.033918 53.620361,10.033869 53.620381,10.033825 53.620406,10.033789 53.620434,10.033761 53.620466,10.033742 53.620500,10.033708 53.620584,10.033664 53.620689,10.033472 53.621233,10.033497 53.621237,10.033452 53.621362,10.033428 53.621359,10.033402 53.621389,10.033378 53.621421,10.033362 53.621455,10.033318 53.621579,10.033006 53.622460,10.032982 53.622539,10.032965 53.622618,10.032955 53.622697,10.032952 53.622777,10.032955 53.622968,10.032959 53.623268,10.032962 53.623480,10.032939 53.623483,10.032940 53.623484,10.032870 53.623495,10.032868 53.623492,10.032807 53.623501,10.032805 53.623507,10.032811 53.623514,10.032864 53.623670,10.033078 53.624211,10.033091 53.624244,10.033124 53.624326,10.033206 53.624535,10.033482 53.625232,10.033498 53.625258,10.033511 53.625289,10.033518 53.625320,10.033637 53.625619,10.033718 53.625808,10.033800 53.625979,10.033948 53.626238,10.033971 53.626271,10.034118 53.626489,10.034314 53.626731,10.034456 53.626890,10.034610 53.627045,10.034773 53.627196,10.034948 53.627343,10.035131 53.627486,10.035322 53.627625,10.035519 53.627762,10.035718 53.627896,10.035923 53.628029,10.036136 53.628157,10.036356 53.628281,10.036585 53.628398,10.036819 53.628511,10.037063 53.628617,10.037314 53.628719,10.037609 53.628817,10.037664 53.628758,10.037748 53.628673,10.038490 53.628658,10.039326 53.628668,10.040007 53.628684,10.040102 53.628687,10.040304 53.628695,10.040528 53.628707,10.040959 53.628733,10.041476 53.628774,10.041605 53.628783,10.041820 53.628802,10.042656 53.628892,10.043290 53.628921,10.043384 53.628921,10.043843 53.628942,10.044184 53.628959,10.044485 53.628971,10.044948 53.628990,10.045777 53.629028,10.046485 53.629059,10.046801 53.629073,10.047046 53.629084,10.047687 53.629090,10.047818 53.629090,10.048208 53.629074,10.048468 53.629059,10.048990 53.628982,10.051686 53.628534,10.051762 53.628533,10.051875 53.628533,10.052084 53.628543,10.052138 53.628542,10.052287 53.628541,10.052504 53.628535,10.052719 53.628517,10.053021 53.628503,10.053237 53.628495,10.053453 53.628488,10.053669 53.628482,10.053885 53.628470,10.054101 53.628459,10.054317 53.628449,10.054457 53.628444,10.054503 53.628442,10.054762 53.628437,10.055235 53.628420,10.055361 53.628417,10.055384 53.628417,10.055463 53.628413,10.055667 53.628395,10.055881 53.628375,10.056095 53.628354,10.056522 53.628310,10.056888 53.628271,10.056927 53.628267,10.057204 53.628240,10.057589 53.628200,10.058015 53.628154,10.058229 53.628134,10.058399 53.628115,10.058613 53.628093,10.058747 53.628080,10.058798 53.628046,10.058857 53.628017,10.058923 53.627993,10.058993 53.627975,10.059068 53.627963,10.059144 53.627958,10.059221 53.627959,10.059296 53.627967,10.059369 53.627982,10.059523 53.627863,10.059662 53.627755,10.059770 53.627805,10.059972 53.627898,10.060001 53.627912,10.060083 53.627946,10.060434 53.628092,10.060646 53.628180,10.060858 53.628268,10.061156 53.628392,10.061248 53.628433,10.062757 53.628771,10.065252 53.629328,10.066844 53.629684,10.068924 53.630149,10.071827 53.630797,10.074054 53.631294,10.074054 53.631294,10.074061 53.631295,10.075211 53.631361,10.077075 53.631469,10.077973 53.631047,10.077973 53.630702,10.077973 53.630322,10.077973 53.630174,10.077973 53.629901,10.077976 53.629439));EPSG:4326
DE.HH.UP_FRIEDHOEFE_30;2499;Friedhof Stellingen;Molkenbuhrstraße;Molkenbuhrstraße;71;Friedhöfe;Eimsbüttel;Stellingen;321;0;01.10.25;4,7377;;Privat;Privat (Kirche);POLYGON ((9.924506 53.589316,9.924226 53.589255,9.923960 53.589196,9.923731 53.589146,9.923502 53.589096,9.923365 53.589195,9.923078 53.589136,9.923198 53.589056,9.922970 53.589005,9.922737 53.588954,9.922569 53.589054,9.922514 53.589086,9.922333 53.589194,9.921860 53.589064,9.921771 53.589108,9.920256 53.589858,9.920042 53.589973,9.919943 53.590032,9.920120 53.590064,9.920982 53.590233,9.921140 53.590265,9.921350 53.590310,9.921303 53.590362,9.922276 53.590648,9.922384 53.590714,9.922434 53.590713,9.922468 53.590723,9.922503 53.590733,9.922532 53.590756,9.922684 53.590768,9.923082 53.590883,9.923144 53.590901,9.923639 53.591044,9.923596 53.591096,9.923930 53.591233,9.924040 53.591048,9.924266 53.591117,9.924444 53.591167,9.924669 53.590765,9.924859 53.590376,9.924952 53.590180,9.925085 53.589953,9.925152 53.589845,9.924886 53.589761,9.924897 53.589749,9.924313 53.589613,9.924217 53.589594,9.924506 53.589316));EPSG:4326
DE.HH.UP_FRIEDHOEFE_31;2884;Alter Friedhof Kirchwerder;Fersenweg;Fersenweg;71;Friedhöfe;Bergedorf;Kirchwerder;607;0;01.10.25;1,4636;;Privat;Privat (Kirche);POLYGON ((10.199496 53.418698,10.199493 53.418676,10.199476 53.418677,10.199474 53.418667,10.199455 53.418632,10.198858 53.418204,10.198454 53.417934,10.198242 53.417856,10.197895 53.418027,10.197780 53.418081,10.197705 53.418027,10.197401 53.417776,10.197132 53.417554,10.196981 53.417432,10.196962 53.417439,10.196776 53.417507,10.196567 53.417578,10.196442 53.417634,10.196982 53.418017,10.197341 53.418261,10.197231 53.418286,10.197327 53.418341,10.197420 53.418395,10.197518 53.418452,10.198232 53.418943,10.198578 53.419177,10.198615 53.419208,10.198849 53.419100,10.199218 53.418898,10.199307 53.418850,10.199286 53.418836,10.199367 53.418783,10.199435 53.418758,10.199482 53.418710,10.199480 53.418699,10.199496 53.418698));EPSG:4326
DE.HH.UP_FRIEDHOEFE_32;2885;Neuer Friedhof Kirchwerder;Fersenweg;Fersenweg;71;Friedhöfe;Bergedorf;Kirchwerder;607;0;01.10.25;1,8997;;Privat;Privat (Kirche);POLYGON ((10.194567 53.415291,10.194493 53.415241,10.194281 53.415385,10.194106 53.415525,10.193802 53.415835,10.193817 53.415844,10.194279 53.416169,10.194668 53.416443,10.194962 53.416649,10.195448 53.416990,10.195875 53.417295,10.196058 53.417426,10.196260 53.417559,10.196279 53.417585,10.196284 53.417592,10.196937 53.417345,10.196959 53.417334,10.196510 53.416992,10.196398 53.416906,10.196307 53.416837,10.196089 53.416670,10.196345 53.416535,10.195857 53.416195,10.195541 53.415976,10.194567 53.415291));EPSG:4326
DE.HH.UP_FRIEDHOEFE_33;2891;Friedhof Ochsenwerder;Alter Kirchdeich;Alter Kirchdeich;71;Friedhöfe;Bergedorf;Ochsenwerder;608;611;01.10.25;1,7472;;Privat;Privat (Kirche);POLYGON ((10.084721 53.476131,10.084754 53.476144,10.084789 53.476182,10.084838 53.476202,10.084925 53.476214,10.085014 53.476212,10.085101 53.476213,10.085172 53.476204,10.085312 53.476187,10.085393 53.476169,10.085480 53.476143,10.085527 53.476119,10.085602 53.476089,10.085625 53.476069,10.085660 53.476100,10.085710 53.476142,10.085750 53.476175,10.085768 53.476192,10.085745 53.476202,10.085751 53.476212,10.085769 53.476289,10.085786 53.476373,10.085807 53.476481,10.085821 53.476511,10.085828 53.476536,10.085854 53.476605,10.085871 53.476638,10.085890 53.476690,10.085880 53.476696,10.086010 53.476688,10.086223 53.476575,10.086443 53.476458,10.086475 53.476444,10.086632 53.476396,10.086706 53.476362,10.086716 53.476355,10.086755 53.476323,10.086848 53.476235,10.086877 53.476206,10.086912 53.476192,10.086990 53.476163,10.087044 53.476146,10.087166 53.476081,10.087189 53.476066,10.087521 53.475886,10.087409 53.475832,10.087294 53.475774,10.087266 53.475755,10.087253 53.475746,10.087114 53.475681,10.086920 53.475595,10.086656 53.475487,10.086491 53.475404,10.086338 53.475329,10.086292 53.475311,10.086251 53.475295,10.086126 53.475326,10.085895 53.475357,10.085889 53.475351,10.085408 53.475401,10.085363 53.475406,10.084772 53.475499,10.084634 53.475520,10.084594 53.475534,10.084548 53.475551,10.084532 53.475560,10.084500 53.475589,10.084453 53.475632,10.084424 53.475674,10.084404 53.475705,10.084386 53.475758,10.084388 53.475810,10.084410 53.475880,10.084434 53.475922,10.084463 53.475967,10.084478 53.475993,10.084551 53.476060,10.084576 53.476058,10.084614 53.476074,10.084686 53.476105,10.084723 53.476122,10.084721 53.476131));EPSG:4326
DE.HH.UP_FRIEDHOEFE_34;1786;Friedhof Schiffbek;Schiffbeker Weg;Schiffbeker Weg;71;Friedhöfe;Hamburg-Mitte;Billstedt;130;0;01.10.25;7,887;;Privat;Privat (Kirche);POLYGON ((10.115335 53.551583,10.115106 53.551654,10.114885 53.551722,10.114636 53.551799,10.114400 53.551872,10.114166 53.551944,10.113483 53.552154,10.113326 53.552204,10.112585 53.552432,10.111865 53.552654,10.113076 53.554029,10.113089 53.554025,10.113767 53.553816,10.114253 53.553667,10.114286 53.553656,10.114444 53.553608,10.114470 53.553599,10.114522 53.553583,10.114551 53.553575,10.115102 53.553405,10.115384 53.553318,10.115676 53.553228,10.116014 53.553124,10.116242 53.553054,10.116380 53.553011,10.116443 53.552992,10.116518 53.552969,10.116808 53.552880,10.117398 53.552698,10.117475 53.552674,10.117516 53.552662,10.118861 53.552248,10.118550 53.551329,10.118335 53.550729,10.118057 53.550744,10.117617 53.550880,10.116818 53.551126,10.116736 53.551151,10.116571 53.551202,10.116470 53.551233,10.116252 53.551300,10.116027 53.551370,10.115798 53.551440,10.115567 53.551512,10.115335 53.551583));EPSG:4326
DE.HH.UP_FRIEDHOEFE_35;2573;Neuer Friedhof Curslack;Grashofweg;Grashofweg;71;Friedhöfe;Bergedorf;Curslack;604;606;01.10.25;0,3318;;Privat;Privat (Kirche);POLYGON ((10.230250 53.454525,10.230238 53.454527,10.229491 53.454619,10.229432 53.454626,10.229312 53.454672,10.229322 53.454705,10.229357 53.454789,10.229486 53.455102,10.230416 53.454983,10.230298 53.454671,10.230267 53.454588,10.230250 53.454525));EPSG:4326
DE.HH.UP_FRIEDHOEFE_36;2574;Friedhof Allermöhe;Allermöher Deich;Allermöher Deich;71;Friedhöfe;Bergedorf;Allermöhe;610;601;01.10.25;1,2852;;Privat;Privat (Kirche);POLYGON ((10.128835 53.482253,10.128851 53.482248,10.128831 53.482249,10.128468 53.482238,10.128122 53.482214,10.128046 53.482195,10.127967 53.482180,10.127886 53.482169,10.127803 53.482173,10.127722 53.482185,10.127646 53.482205,10.127575 53.482229,10.127506 53.482258,10.127437 53.482293,10.127407 53.482313,10.127379 53.482334,10.127351 53.482356,10.127326 53.482380,10.127312 53.482401,10.127304 53.482423,10.127297 53.482445,10.127295 53.482467,10.127299 53.482511,10.127410 53.482611,10.127570 53.482792,10.127697 53.482865,10.127720 53.482879,10.127813 53.482935,10.127568 53.482983,10.127440 53.482995,10.127224 53.483019,10.127036 53.483037,10.126947 53.483048,10.126810 53.483119,10.126944 53.483259,10.127762 53.483728,10.127786 53.483677,10.127841 53.483647,10.127918 53.483639,10.128304 53.483425,10.128477 53.483320,10.128737 53.483162,10.128985 53.483007,10.129028 53.482979,10.128671 53.482779,10.128228 53.482551,10.128338 53.482461,10.128452 53.482452,10.128464 53.482379,10.128637 53.482320,10.128835 53.482253));EPSG:4326
DE.HH.UP_FRIEDHOEFE_37;2875;Alter Friedhof Curslack;Curslacker Deich;Curslacker Deich;71;Friedhöfe;Bergedorf;Curslack;604;606;01.10.25;0,5073;;Privat;Privat (Kirche);POLYGON ((10.227293 53.448931,10.227329 53.449071,10.227156 53.449081,10.227159 53.449088,10.227202 53.449202,10.227288 53.449416,10.228409 53.449400,10.228349 53.449271,10.228249 53.449052,10.228201 53.449059,10.228161 53.448957,10.228089 53.448784,10.228019 53.448714,10.228003 53.448693,10.227891 53.448681,10.227841 53.448672,10.227636 53.448660,10.227637 53.448666,10.227490 53.448699,10.227438 53.448707,10.227310 53.448789,10.227291 53.448826,10.227293 53.448931));EPSG:4326
DE.HH.UP_FRIEDHOEFE_38;2802;Neuer Friedhof Niendorf;Promenadenstraße 8;Promenadenstraße 8;71;Friedhöfe;Eimsbüttel;Niendorf;318;0;01.10.25;12,3324;;Privat;Privat (Kirche);POLYGON ((9.956966 53.619915,9.956959 53.620006,9.956894 53.620058,9.957116 53.620067,9.957104 53.620065,9.957092 53.620063,9.957081 53.620059,9.957071 53.620054,9.957063 53.620048,9.957057 53.620042,9.957052 53.620035,9.957050 53.620027,9.957049 53.620020,9.957073 53.619691,9.957082 53.619566,9.957383 53.619584,9.957683 53.619602,9.957969 53.619619,9.958029 53.619623,9.958258 53.619650,9.958607 53.619691,9.958712 53.619770,9.958805 53.619837,9.958838 53.619802,9.958951 53.619685,9.959063 53.619568,9.959175 53.619451,9.959268 53.619354,9.959362 53.619256,9.959456 53.619159,9.959938 53.619304,9.960225 53.619399,9.960343 53.619265,9.960458 53.619130,9.960438 53.619028,9.959807 53.618740,9.959316 53.618489,9.958701 53.618162,9.958062 53.617808,9.957775 53.617634,9.957523 53.617461,9.957290 53.617261,9.957137 53.617109,9.957003 53.616964,9.956899 53.616830,9.956848 53.616753,9.956833 53.616723,9.956774 53.616641,9.956608 53.616281,9.956557 53.616193,9.956487 53.616128,9.956409 53.616080,9.956265 53.616024,9.956124 53.615998,9.955848 53.615959,9.955529 53.615921,9.955397 53.615911,9.955246 53.615904,9.955112 53.615909,9.954977 53.615928,9.954870 53.615952,9.954757 53.615986,9.952933 53.616672,9.952889 53.616950,9.952842 53.617240,9.952799 53.617508,9.952756 53.617776,9.952689 53.618197,9.952684 53.618229,9.952805 53.618253,9.952923 53.618284,9.953035 53.618321,9.953184 53.618388,9.953326 53.618461,9.953460 53.618540,9.953584 53.618622,9.953700 53.618710,9.953808 53.618801,9.953903 53.618879,9.954030 53.618837,9.954473 53.618810,9.954779 53.618779,9.954950 53.618758,9.955024 53.618745,9.955048 53.618775,9.955170 53.618930,9.955279 53.619088,9.955388 53.619246,9.955473 53.619410,9.955560 53.619572,9.955625 53.619728,9.955892 53.619703,9.956012 53.619692,9.956268 53.619685,9.956449 53.619681,9.956631 53.619676,9.956763 53.619673,9.956790 53.619674,9.956874 53.619679,9.956909 53.619723,9.956937 53.619770,9.956955 53.619817,9.956965 53.619866,9.956966 53.619915));EPSG:4326
DE.HH.UP_FRIEDHOEFE_39;2174;Alter Friedhof Steinbek;Steinbeker Berg;Steinbeker Berg;71;Friedhöfe;Hamburg-Mitte;Billstedt;130;112;01.10.25;0,4464;;Privat;Privat (Kirche);POLYGON ((10.128513 53.530614,10.128566 53.530571,10.128592 53.530515,10.128566 53.530442,10.128508 53.530384,10.128445 53.530322,10.128445 53.530322,10.128427 53.530234,10.128420 53.530195,10.128407 53.530091,10.128368 53.530034,10.128353 53.530022,10.128291 53.529986,10.128185 53.529969,10.128111 53.529979,10.128003 53.529993,10.127791 53.530071,10.127839 53.530205,10.127690 53.530237,10.127682 53.530242,10.127433 53.530399,10.127349 53.530448,10.127275 53.530524,10.127298 53.530614,10.127363 53.530713,10.127545 53.530769,10.127545 53.530769,10.127792 53.530760,10.127963 53.530741,10.128430 53.530648,10.128504 53.530622,10.128513 53.530614),(10.127670 53.530614,10.127663 53.530587,10.127625 53.530590,10.127619 53.530565,10.127612 53.530566,10.127601 53.530524,10.127608 53.530523,10.127600 53.530496,10.127637 53.530492,10.127630 53.530466,10.127707 53.530458,10.127711 53.530471,10.127724 53.530470,10.127722 53.530461,10.127738 53.530459,10.127741 53.530468,10.127808 53.530462,10.127806 53.530453,10.127822 53.530451,10.127825 53.530460,10.127892 53.530454,10.127889 53.530445,10.127905 53.530443,10.127907 53.530452,10.127973 53.530446,10.127970 53.530437,10.127989 53.530435,10.127991 53.530444,10.128057 53.530438,10.128055 53.530429,10.128070 53.530428,10.128072 53.530437,10.128079 53.530436,10.128088 53.530426,10.128099 53.530424,10.128112 53.530422,10.128121 53.530422,10.128143 53.530424,10.128157 53.530433,10.128159 53.530443,10.128154 53.530458,10.128180 53.530469,10.128194 53.530465,10.128200 53.530474,10.128186 53.530478,10.128193 53.530496,10.128208 53.530498,10.128204 53.530509,10.128189 53.530508,10.128174 53.530521,10.128182 53.530535,10.128185 53.530545,10.128181 53.530554,10.128168 53.530563,10.128140 53.530564,10.128117 53.530554,10.128111 53.530556,10.128114 53.530567,10.128096 53.530569,10.128093 53.530560,10.128024 53.530567,10.128027 53.530576,10.128012 53.530577,10.128009 53.530569,10.127943 53.530575,10.127945 53.530584,10.127926 53.530585,10.127924 53.530577,10.127858 53.530583,10.127860 53.530592,10.127846 53.530593,10.127843 53.530584,10.127776 53.530591,10.127778 53.530599,10.127762 53.530601,10.127760 53.530592,10.127748 53.530593,10.127751 53.530607,10.127670 53.530614));EPSG:4326
DE.HH.UP_FRIEDHOEFE_40;2841;Friedhof Neuengamme;Karkenstegel;Karkenstegel;71;Friedhöfe;Bergedorf;Neuengamme;606;0;01.10.25;1,8821;;Privat;Privat (Kirche);POLYGON ((10.222041 53.445477,10.222129 53.445447,10.222260 53.445393,10.222259 53.445378,10.222305 53.445342,10.222329 53.445316,10.222344 53.445290,10.222359 53.445246,10.222363 53.445217,10.222358 53.445182,10.222351 53.445149,10.222309 53.445076,10.222382 53.445055,10.222325 53.444992,10.222142 53.444776,10.222144 53.444746,10.222086 53.444666,10.222024 53.444582,10.221846 53.444394,10.221665 53.444179,10.221403 53.443849,10.221355 53.443793,10.221337 53.443777,10.221320 53.443761,10.220596 53.442903,10.220513 53.442807,10.219626 53.443089,10.219920 53.443365,10.220248 53.443675,10.220549 53.443960,10.220602 53.444013,10.220959 53.444370,10.221032 53.444559,10.221095 53.444744,10.221159 53.444930,10.221185 53.444997,10.221195 53.445021,10.221475 53.445494,10.221619 53.445461,10.221641 53.445485,10.221653 53.445497,10.221670 53.445506,10.221726 53.445527,10.221768 53.445525,10.221975 53.445492,10.222041 53.445477));EPSG:4326
DE.HH.UP_FRIEDHOEFE_41;2868;Neuer Friedhof Bergedorf;August-Bebel-Straße;August-Bebel-Straße;70;Friedhöfe;Bergedorf;Bergedorf;690;0;01.10.25;48,6901;;FHH;Stadtgrün;POLYGON ((10.248687 53.480091,10.247579 53.480361,10.246647 53.480587,10.244700 53.481063,10.244649 53.481153,10.245073 53.481853,10.249531 53.482786,10.250959 53.482037,10.251888 53.481559,10.251914 53.481497,10.251960 53.481487,10.250923 53.479735,10.250956 53.479690,10.252538 53.479899,10.253068 53.479954,10.255625 53.480174,10.255591 53.480380,10.256046 53.481150,10.255912 53.481180,10.255264 53.481227,10.253913 53.481322,10.252085 53.481465,10.252094 53.481536,10.252096 53.481610,10.254568 53.483712,10.260094 53.483446,10.262482 53.483344,10.263373 53.483143,10.260894 53.478754,10.260763 53.478766,10.260244 53.477751,10.259379 53.477362,10.259016 53.477369,10.258037 53.477624,10.257134 53.477869,10.256386 53.478226,10.255440 53.478331,10.254871 53.478074,10.254797 53.477769,10.254377 53.477582,10.252944 53.477595,10.252776 53.477521,10.252037 53.478218,10.251634 53.478353,10.251603 53.478406,10.250986 53.478287,10.250978 53.478292,10.250932 53.478384,10.250964 53.478396,10.250951 53.478454,10.250890 53.478506,10.250774 53.478559,10.250624 53.478643,10.250468 53.478978,10.250419 53.478972,10.250367 53.479093,10.250029 53.479038,10.248687 53.480091));EPSG:4326
DE.HH.UP_FRIEDHOEFE_42;2201;Friedhof Eidelstedt;Eidelstedter Dorfstraße;Eidelstedter Dorfstraße;71;Friedhöfe;Eimsbüttel;Eidelstedt;320;0;01.10.25;3,6747;;Privat;Privat (Kirche);POLYGON ((9.911159 53.610320,9.911242 53.610318,9.911242 53.610320,9.911416 53.610315,9.911573 53.610311,9.911660 53.610308,9.911849 53.610303,9.911848 53.610258,9.911240 53.610275,9.911233 53.610111,9.911225 53.609913,9.911218 53.609742,9.911082 53.609739,9.911082 53.609739,9.911080 53.609739,9.911070 53.609565,9.911061 53.609393,9.911051 53.609224,9.911042 53.609063,9.911620 53.609077,9.911758 53.609080,9.911747 53.609035,9.911776 53.609036,9.911823 53.609037,9.911733 53.608674,9.911648 53.608418,9.911633 53.608386,9.911500 53.608051,9.910239 53.608093,9.910161 53.608096,9.910161 53.608096,9.910123 53.607730,9.909247 53.607737,9.909241 53.607737,9.909091 53.607737,9.909081 53.608051,9.909081 53.608061,9.909079 53.608061,9.908657 53.608058,9.908580 53.608058,9.908580 53.608064,9.908567 53.608399,9.908567 53.608399,9.908516 53.608400,9.908226 53.608402,9.908287 53.608587,9.908286 53.608642,9.908280 53.608814,9.908531 53.608840,9.909728 53.608950,9.909737 53.608951,9.909737 53.608951,9.909685 53.609417,9.909726 53.609673,9.909782 53.610030,9.910022 53.610084,9.910306 53.610148,9.910587 53.610211,9.910870 53.610274,9.911152 53.610338,9.911159 53.610320));EPSG:4326
DE.HH.UP_FRIEDHOEFE_43;2234;Jüdischer Friedhof Langenfelde;Försterweg;Försterweg;71;Friedhöfe;Eimsbüttel;Stellingen;321;0;01.10.25;0,9535;;Privat;Privat (Jüdische Gmd HH);POLYGON ((9.929786 53.577871,9.929169 53.577677,9.928595 53.578341,9.929109 53.578505,9.929185 53.578529,9.929393 53.578596,9.929890 53.578755,9.929942 53.578733,9.930014 53.578704,9.930132 53.578647,9.930319 53.578549,9.930556 53.578403,9.930894 53.578216,9.930270 53.578022,9.929786 53.577871));EPSG:4326
DE.HH.UP_FRIEDHOEFE_44;2219;Friedhof Wilhelmsburg-Kirchdorf;Kirchdorfer Straße;Kirchdorfer Straße;71;Friedhöfe;Hamburg-Mitte;Wilhelmsburg;136;147;01.10.25;0,6006;;Privat;Privat (Kirche);POLYGON ((10.016214 53.487786,10.016178 53.487720,10.016368 53.487677,10.016400 53.487664,10.016607 53.487582,10.016556 53.487566,10.016552 53.487570,10.016525 53.487563,10.016540 53.487378,10.016584 53.487367,10.016500 53.487295,10.016438 53.487242,10.016263 53.487108,10.016153 53.487025,10.016097 53.486989,10.016088 53.486984,10.015984 53.487042,10.015971 53.487034,10.015729 53.487107,10.015512 53.487165,10.015429 53.487190,10.015244 53.487246,10.015270 53.487310,10.015410 53.487655,10.015533 53.487956,10.016214 53.487786));EPSG:4326
DE.HH.UP_FRIEDHOEFE_45;1929;St. Nikolai Friedhof Finkenwerder;Süderkirchenweg;Süderkirchenweg;71;Friedhöfe;Hamburg-Mitte;Finkenwerder;141;107;01.10.25;0,2222;;Privat;Privat (Kirche);POLYGON ((9.865944 53.526807,9.865895 53.526719,9.865795 53.526565,9.865749 53.526476,9.865766 53.526390,9.865652 53.526430,9.865237 53.526447,9.865182 53.526638,9.865188 53.526753,9.865199 53.526761,9.865270 53.526807,9.865362 53.526868,9.865473 53.526933,9.865516 53.526948,9.865729 53.526945,9.865805 53.526918,9.865944 53.526807));EPSG:4326
DE.HH.UP_FRIEDHOEFE_46;2246;Alter Friedhof Neugraben;Neuwiedenthaler Straße;Neuwiedenthaler Straße;71;Friedhöfe;Harburg;Neugraben-Fischbek;715;707;01.10.25;0,6703;;FHH;Stadtgrün;POLYGON ((9.867835 53.477617,9.867911 53.477627,9.868261 53.477206,9.868397 53.477042,9.867883 53.476993,9.867529 53.476958,9.866904 53.476898,9.866793 53.476959,9.866756 53.477091,9.866638 53.477524,9.866729 53.477531,9.867835 53.477617));EPSG:4326
DE.HH.UP_FRIEDHOEFE_47;2398;Alter Friedhof Sinstorf;Sinstorfer Kirchweg;Sinstorfer Kirchweg;71;Friedhöfe;Harburg;Sinstorf;708;0;01.10.25;0,4972;;Privat;evan. Kirche;POLYGON ((9.975247 53.424398,9.975384 53.424319,9.975635 53.424327,9.975407 53.424264,9.975054 53.424177,9.974954 53.424157,9.974878 53.424146,9.974779 53.424139,9.974698 53.424139,9.974486 53.424147,9.974111 53.424173,9.974205 53.424244,9.973996 53.424352,9.973952 53.424405,9.973979 53.424726,9.974083 53.424723,9.975270 53.424684,9.975094 53.424483,9.975122 53.424468,9.975247 53.424398));EPSG:4326
DE.HH.UP_FRIEDHOEFE_48;1528;Tonndorfer Friedhof;Ahrensburger Straße 188-190;Ahrensburger Straße 188-190;71;Friedhöfe;Wandsbek;Tonndorf;513;549;01.10.25;7,9402;;Privat;Privat (Kirche);POLYGON ((10.113412 53.585411,10.113485 53.585230,10.114637 53.585396,10.115384 53.583554,10.115344 53.583519,10.113256 53.582971,10.113113 53.583094,10.112898 53.583235,10.112897 53.583238,10.112610 53.583218,10.112318 53.583165,10.112084 53.583122,10.111772 53.583066,10.111755 53.583108,10.111644 53.583381,10.111596 53.583498,10.111548 53.583615,10.111501 53.583732,10.111455 53.583843,10.111409 53.583957,10.111338 53.584132,10.111295 53.584236,10.111259 53.584325,10.111224 53.584411,10.111179 53.584520,10.111134 53.584629,10.111073 53.584777,10.111027 53.584891,10.110983 53.584997,10.110937 53.585110,10.110890 53.585226,10.111028 53.585336,10.111100 53.585403,10.110979 53.585470,10.110765 53.585589,10.110734 53.585606,10.110631 53.585706,10.110688 53.585716,10.110688 53.585716,10.110646 53.585819,10.110990 53.585993,10.111626 53.586315,10.111613 53.586356,10.111620 53.586389,10.111634 53.586422,10.111651 53.586456,10.111682 53.586484,10.111718 53.586511,10.111776 53.586547,10.111776 53.586547,10.111825 53.586571,10.111825 53.586571,10.111871 53.586592,10.111871 53.586592,10.111919 53.586608,10.111919 53.586608,10.112812 53.586889,10.112827 53.586853,10.112844 53.586809,10.112915 53.586635,10.112987 53.586461,10.112990 53.586454,10.113032 53.586350,10.113039 53.586332,10.113094 53.586197,10.113147 53.586065,10.113200 53.585936,10.113270 53.585761,10.113342 53.585585,10.113412 53.585411));EPSG:4326
DE.HH.UP_FRIEDHOEFE_49;1978;Friedhof Steinbek;Kapellenstraße;Kapellenstraße;70;Friedhöfe;Hamburg-Mitte;Billstedt;130;0;01.10.25;2,9033;;Privat;Privat (Kirche);POLYGON ((10.125880 53.532935,10.125855 53.532907,10.125852 53.532908,10.125848 53.532904,10.125748 53.532792,10.125651 53.532685,10.125544 53.532565,10.125216 53.532199,10.125185 53.532163,10.125160 53.532125,10.125143 53.532087,10.125134 53.532053,10.125132 53.532047,10.124797 53.532131,10.124634 53.532174,10.124414 53.532229,10.123948 53.532347,10.123670 53.532417,10.123286 53.532513,10.123116 53.532556,10.122094 53.532813,10.122274 53.533068,10.122620 53.533559,10.122730 53.533715,10.122760 53.533757,10.122854 53.533891,10.122856 53.533894,10.122873 53.533891,10.123848 53.533663,10.124500 53.533510,10.124808 53.533433,10.125050 53.533369,10.125287 53.533297,10.125375 53.533267,10.125457 53.533234,10.125616 53.533162,10.125694 53.533124,10.125767 53.533085,10.125838 53.533045,10.125904 53.533004,10.125926 53.532990,10.125927 53.532988,10.125880 53.532935));EPSG:4326
DE.HH.UP_FRIEDHOEFE_50;2272;Friedhof Moorburg;Nehusweg;Nehusweg;71;Friedhöfe;Harburg;Moorburg;712;0;01.10.25;0,887;;Privat;evan. Kirche;POLYGON ((9.940812 53.489117,9.940648 53.488948,9.940610 53.488911,9.940601 53.488908,9.940575 53.488872,9.940546 53.488850,9.940532 53.488827,9.940323 53.488613,9.940331 53.488612,9.940582 53.488527,9.940182 53.488108,9.939897 53.488208,9.939607 53.487919,9.938990 53.488144,9.939380 53.488630,9.939237 53.488679,9.939420 53.488859,9.939453 53.488889,9.939462 53.488885,9.939506 53.488861,9.939509 53.488859,9.939510 53.488859,9.939510 53.488859,9.939512 53.488858,9.939540 53.488893,9.939688 53.489063,9.939746 53.489056,9.939747 53.489057,9.939784 53.489105,9.939832 53.489146,9.939833 53.489146,9.940006 53.489125,9.940171 53.489105,9.940442 53.489066,9.940641 53.489032,9.940642 53.489033,9.940649 53.489032,9.940959 53.489349,9.940962 53.489352,9.940877 53.489263,9.940933 53.489242,9.940866 53.489172,9.940852 53.489158,9.940812 53.489117));EPSG:4326
DE.HH.UP_FRIEDHOEFE_51;2743;Friedhof Blankenese;Am Sorgfeld;Am Sorgfeld;71;Friedhöfe;Altona;Sülldorf;226;202;01.10.25;5,3784;;Privat;Privat (Kirche);POLYGON ((9.801467 53.572818,9.801466 53.572818,9.800937 53.572824,9.800121 53.572833,9.800121 53.572833,9.799520 53.572847,9.798365 53.572874,9.798365 53.572874,9.797808 53.572893,9.797814 53.573091,9.797814 53.573091,9.797156 53.573103,9.796497 53.573105,9.796481 53.573147,9.796439 53.573267,9.796406 53.573389,9.796383 53.573511,9.796369 53.573633,9.796365 53.573756,9.796370 53.573878,9.796384 53.574001,9.796395 53.574071,9.796412 53.574211,9.796419 53.574351,9.796418 53.574492,9.796408 53.574632,9.796388 53.574771,9.796373 53.574855,9.796633 53.574858,9.796898 53.574861,9.797164 53.574865,9.797426 53.574868,9.798894 53.574880,9.798958 53.574789,9.799093 53.574753,9.799203 53.574774,9.800104 53.573886,9.800427 53.573632,9.800998 53.573185,9.801467 53.572818,9.801467 53.572818));EPSG:4326
DE.HH.UP_FRIEDHOEFE_52;2365;Neuer Friedhof Sinstorf;Sinstorfer Kirchweg;Sinstorfer Kirchweg;71;Friedhöfe;Harburg;Sinstorf;708;719;01.10.25;2,4062;;Privat;evan. Kirche;POLYGON ((9.970759 53.423336,9.970643 53.423736,9.970362 53.424685,9.970386 53.424682,9.970385 53.424687,9.971226 53.424560,9.972419 53.424352,9.972945 53.424254,9.973117 53.424223,9.973308 53.424189,9.973460 53.424163,9.973617 53.424139,9.973765 53.424117,9.973975 53.424088,9.974245 53.424054,9.974257 53.424051,9.974264 53.424046,9.974314 53.423982,9.974297 53.423967,9.974071 53.423762,9.973883 53.423651,9.973310 53.423719,9.973203 53.423669,9.972488 53.423336,9.972213 53.423311,9.970759 53.423336));EPSG:4326
DE.HH.UP_FRIEDHOEFE_53;2387;Neuer Friedhof Harburg;Bremer Straße;Bremer Straße;71;Friedhöfe;Harburg;Eißendorf;710;0;01.10.25;30,6062;;Privat;evan. Kirche;POLYGON ((9.955442 53.448664,9.955636 53.448533,9.955871 53.448475,9.956398 53.448344,9.957758 53.448004,9.956847 53.446622,9.956569 53.446197,9.955629 53.445790,9.955516 53.445738,9.955344 53.445654,9.954530 53.445246,9.952769 53.444326,9.951898 53.443872,9.951437 53.444078,9.950998 53.444275,9.949905 53.444429,9.948681 53.444898,9.948964 53.445336,9.949651 53.445554,9.949033 53.446197,9.947124 53.445542,9.946379 53.445290,9.945598 53.446089,9.944630 53.447076,9.944448 53.447262,9.944544 53.447296,9.944559 53.447280,9.945060 53.447455,9.945203 53.447505,9.945013 53.447698,9.945931 53.447921,9.948662 53.448571,9.948775 53.448434,9.948850 53.448468,9.949416 53.448441,9.949195 53.448700,9.950474 53.449008,9.952134 53.448671,9.952299 53.448650,9.952593 53.448775,9.952656 53.448861,9.953349 53.449101,9.953742 53.449286,9.953953 53.449414,9.954078 53.449503,9.954105 53.449521,9.954142 53.449546,9.954196 53.449509,9.954909 53.449026,9.955442 53.448664));EPSG:4326
DE.HH.UP_FRIEDHOEFE_54;2054;Friedhof Moorfleet;Moorfleeter Kirchenweg;Moorfleeter Kirchenweg;71;Friedhöfe;Bergedorf;Moorfleet;612;0;01.10.25;1,5136;;Privat;Privat (Kirche);POLYGON ((10.083267 53.511805,10.083318 53.511674,10.083336 53.511621,10.083343 53.511585,10.083357 53.511511,10.083374 53.511434,10.083386 53.511356,10.083408 53.511264,10.083439 53.511209,10.083449 53.511183,10.083445 53.511178,10.083408 53.510932,10.083391 53.510887,10.083306 53.510758,10.083286 53.510739,10.083263 53.510719,10.083038 53.510561,10.082992 53.510521,10.082878 53.510498,10.082755 53.510494,10.082694 53.510499,10.082483 53.510525,10.082280 53.510582,10.082242 53.510597,10.082207 53.510580,10.082174 53.510588,10.082041 53.510628,10.081918 53.510686,10.081829 53.510729,10.081709 53.510805,10.081616 53.510885,10.081539 53.510963,10.081376 53.511170,10.081385 53.511176,10.081629 53.511337,10.081642 53.511343,10.081648 53.511346,10.081654 53.511350,10.081655 53.511350,10.081661 53.511353,10.081661 53.511353,10.081667 53.511356,10.081678 53.511363,10.081684 53.511367,10.081688 53.511369,10.081694 53.511373,10.081701 53.511378,10.081707 53.511382,10.081707 53.511382,10.081713 53.511386,10.081725 53.511395,10.081777 53.511429,10.081836 53.511498,10.081886 53.511545,10.081941 53.511588,10.081991 53.511619,10.082015 53.511635,10.082058 53.511656,10.082106 53.511679,10.082185 53.511706,10.082229 53.511705,10.082308 53.511737,10.082358 53.511748,10.082369 53.511821,10.082376 53.511885,10.082383 53.511885,10.083245 53.511881,10.083267 53.511805));EPSG:4326
DE.HH.UP_FRIEDHOEFE_55;2055;Friedhof Billwerder;Billwerder Billdeich;Billwerder Billdeich;71;Friedhöfe;Bergedorf;Billwerder;611;0;01.10.25;0,8876;;Privat;Privat (Kirche);POLYGON ((10.127625 53.514379,10.127135 53.514078,10.127189 53.514042,10.127213 53.514017,10.127267 53.513963,10.127285 53.513941,10.127362 53.513874,10.127372 53.513836,10.127378 53.513805,10.127372 53.513776,10.127347 53.513751,10.127327 53.513731,10.127038 53.513536,10.126402 53.513108,10.126252 53.513004,10.126231 53.512995,10.125392 53.513386,10.125546 53.513484,10.125838 53.513674,10.126129 53.513865,10.126305 53.513989,10.126374 53.514017,10.126538 53.514119,10.126610 53.514134,10.126676 53.514146,10.126784 53.514150,10.126789 53.514152,10.126942 53.514146,10.126987 53.514135,10.127103 53.514094,10.127602 53.514397,10.127625 53.514379));EPSG:4326
DE.HH.UP_FRIEDHOEFE_56;3172;Friedhof Diebsteich;Am Diebsteich;Am Diebsteich;70;Friedhöfe;Altona;Bahrenfeld;215;0;01.10.25;12,0531;;Privat;Privat (Kirche);POLYGON ((9.931170 53.572748,9.931801 53.572099,9.932008 53.572159,9.932090 53.572076,9.932372 53.571799,9.932507 53.571710,9.932630 53.571641,9.932660 53.571265,9.932999 53.569688,9.933024 53.569557,9.933072 53.569060,9.933084 53.568874,9.933090 53.568794,9.933090 53.568789,9.933091 53.568769,9.932972 53.568787,9.932895 53.568799,9.932741 53.568821,9.932712 53.568837,9.932551 53.568842,9.932312 53.568789,9.932259 53.568775,9.931231 53.568806,9.930891 53.568817,9.930821 53.568821,9.930821 53.568821,9.930752 53.568829,9.930684 53.568840,9.930684 53.568840,9.930618 53.568854,9.929996 53.569010,9.929901 53.569059,9.929760 53.569121,9.929535 53.569232,9.929250 53.569373,9.928723 53.569633,9.928648 53.569669,9.928567 53.569716,9.928353 53.569890,9.928259 53.569986,9.928194 53.570100,9.928088 53.570315,9.928034 53.570403,9.927971 53.570485,9.927896 53.570543,9.927782 53.570602,9.927488 53.570700,9.926833 53.570977,9.926731 53.571014,9.926272 53.571323,9.926261 53.571368,9.926684 53.571472,9.926783 53.571500,9.929063 53.572149,9.929255 53.572204,9.931170 53.572748));EPSG:4326
DE.HH.UP_FRIEDHOEFE_57;3173;Mennoniten Friedhof;Holstenkamp;Holstenkamp;70;Friedhöfe;Altona;Bahrenfeld;215;0;01.10.25;0,6358;;Privat;Privat (Kirche);POLYGON ((9.916818 53.571690,9.916827 53.571615,9.916791 53.571615,9.916767 53.571153,9.916442 53.571199,9.915908 53.571273,9.915916 53.571451,9.915921 53.571562,9.915924 53.571631,9.915959 53.571630,9.915960 53.571684,9.915745 53.571687,9.915771 53.572271,9.916263 53.572117,9.916808 53.571968,9.916818 53.571690));EPSG:4326
DE.HH.UP_FRIEDHOEFE_58;3175;Jüdischer Friedhof Bahrenfeld;Bornkampsweg;Bornkampsweg;71;Friedhöfe;Altona;Bahrenfeld;216;0;01.10.25;1,0497;;Privat;Privat (Kirche);POLYGON ((9.915088 53.568911,9.915022 53.568902,9.914941 53.569105,9.915794 53.569569,9.915874 53.569601,9.917161 53.569919,9.917180 53.569924,9.917507 53.569158,9.916915 53.569102,9.915988 53.569005,9.915088 53.568911));EPSG:4326
DE.HH.UP_FRIEDHOEFE_59;3176;Friedhof Holstenkamp;Holstenkamp;Holstenkamp;71;Friedhöfe;Altona;Bahrenfeld;216;0;01.10.25;9,0718;;Privat;Privat (Kirche);POLYGON ((9.912652 53.571802,9.912654 53.571802,9.912664 53.571799,9.912948 53.571749,9.913601 53.571625,9.913625 53.571608,9.913703 53.571591,9.913703 53.571591,9.913897 53.571569,9.913897 53.571569,9.914486 53.571470,9.914486 53.571470,9.914576 53.571454,9.914821 53.571093,9.915363 53.570327,9.915161 53.570278,9.914794 53.570191,9.914912 53.570017,9.914624 53.569951,9.914679 53.569832,9.914762 53.569666,9.914770 53.569241,9.914704 53.569233,9.914548 53.569133,9.914400 53.569096,9.913898 53.569005,9.913204 53.568875,9.911893 53.568630,9.911660 53.568582,9.911428 53.568528,9.911204 53.568470,9.911049 53.568423,9.911040 53.568456,9.910998 53.568607,9.910953 53.568765,9.910951 53.568776,9.910915 53.568907,9.910877 53.569049,9.910839 53.569191,9.910801 53.569333,9.910763 53.569475,9.910658 53.569866,9.910607 53.570056,9.910547 53.570281,9.910521 53.570378,9.910501 53.570453,9.910486 53.570506,9.910439 53.570684,9.910353 53.571002,9.910345 53.571034,9.910343 53.571039,9.910306 53.571178,9.910235 53.571441,9.911380 53.571754,9.912106 53.571952,9.912652 53.571802));EPSG:4326
DE.HH.UP_FRIEDHOEFE_60;3182;Friedhof Bornkamp;Holstenkamp;Holstenkamp;71;Friedhöfe;Altona;Ottensen;214;212;01.10.25;10,0256;;Privat;Privat (Kirche);POLYGON ((9.921847 53.568059,9.921519 53.568000,9.921488 53.568000,9.921208 53.567998,9.921204 53.567998,9.921206 53.567918,9.921131 53.567907,9.921098 53.567993,9.921063 53.568201,9.921062 53.568247,9.920772 53.568193,9.920469 53.568132,9.920169 53.568072,9.919912 53.568013,9.918976 53.567832,9.918802 53.568295,9.918744 53.568449,9.918697 53.568570,9.918470 53.569158,9.918191 53.569875,9.917927 53.569900,9.917908 53.569902,9.917959 53.570031,9.918008 53.570093,9.918119 53.570190,9.918212 53.570260,9.918493 53.570511,9.918557 53.570564,9.918701 53.570616,9.922859 53.570774,9.923065 53.570727,9.923126 53.570680,9.923327 53.570429,9.923389 53.570347,9.923579 53.570004,9.923727 53.569717,9.924118 53.568847,9.924192 53.568634,9.924168 53.568619,9.923157 53.568377,9.922395 53.568173,9.921847 53.568059));EPSG:4326
DE.HH.UP_FRIEDHOEFE_61;3183;Friedhof Groß Flottbek;Stiller Weg;Stiller Weg;71;Friedhöfe;Altona;Bahrenfeld;217;0;01.10.25;8,3569;;Privat;Privat (Kirche);POLYGON ((9.871566 53.574888,9.871573 53.574886,9.871645 53.574888,9.872518 53.574914,9.873212 53.574956,9.873691 53.574993,9.874103 53.575027,9.874199 53.574963,9.874199 53.574963,9.874213 53.574751,9.874221 53.574633,9.874230 53.574490,9.874238 53.574360,9.874071 53.574346,9.874057 53.574256,9.874037 53.574126,9.874018 53.573995,9.873998 53.573864,9.873978 53.573733,9.873968 53.573667,9.873958 53.573602,9.873939 53.573470,9.873929 53.573404,9.873919 53.573339,9.873899 53.573207,9.873879 53.573075,9.873869 53.573010,9.873859 53.572944,9.873849 53.572878,9.873843 53.572836,9.873712 53.572845,9.873582 53.572854,9.873367 53.572870,9.873220 53.572880,9.873072 53.572891,9.872459 53.572935,9.872251 53.572932,9.871613 53.572938,9.871093 53.572942,9.870160 53.572952,9.870104 53.572950,9.870088 53.573005,9.870019 53.573003,9.869739 53.572996,9.869564 53.572991,9.869507 53.573161,9.869475 53.573274,9.869446 53.573377,9.869401 53.573589,9.867976 53.573516,9.867925 53.573696,9.867904 53.573771,9.867872 53.573900,9.867848 53.574009,9.867812 53.574195,9.867771 53.574432,9.867771 53.574433,9.868404 53.574487,9.868404 53.574487,9.868667 53.574714,9.868667 53.574714,9.868688 53.574732,9.868688 53.574732,9.868732 53.574757,9.868732 53.574757,9.869549 53.575211,9.869592 53.575234,9.871566 53.574888));EPSG:4326
DE.HH.UP_FRIEDHOEFE_62;3192;Friedhof Blankenese;Am Sorgfeld;Am Sorgfeld;71;Friedhöfe;Altona;Sülldorf;226;0;01.10.25;11,8406;;Privat;Privat (Kirche);POLYGON ((9.804822 53.573505,9.804553 53.573434,9.804307 53.573370,9.803943 53.573246,9.803808 53.573199,9.803673 53.573150,9.803425 53.573059,9.803346 53.573024,9.803091 53.572911,9.803077 53.572905,9.802882 53.572787,9.802723 53.572690,9.802491 53.572878,9.802312 53.573023,9.802071 53.573218,9.801892 53.573363,9.801713 53.573507,9.801124 53.573242,9.801112 53.573236,9.800222 53.573933,9.800217 53.573965,9.799255 53.574893,9.799240 53.574904,9.799168 53.575268,9.799085 53.575610,9.799106 53.575610,9.798822 53.576694,9.798754 53.576881,9.798586 53.577271,9.798532 53.577383,9.799393 53.577362,9.799758 53.577353,9.800559 53.577333,9.800673 53.577331,9.801581 53.576817,9.801653 53.576773,9.802687 53.576193,9.802734 53.576172,9.802715 53.576102,9.802672 53.575940,9.802622 53.575750,9.802603 53.575676,9.802588 53.575618,9.802732 53.575534,9.802912 53.575426,9.803091 53.575319,9.803245 53.575226,9.803272 53.575209,9.803348 53.575158,9.803429 53.575099,9.803691 53.574902,9.803838 53.574798,9.804032 53.574660,9.804171 53.574561,9.804315 53.574459,9.804461 53.574356,9.804595 53.574260,9.804751 53.574150,9.804836 53.574089,9.804895 53.574047,9.805039 53.573945,9.805174 53.573849,9.805318 53.573746,9.805444 53.573657,9.805467 53.573640,9.805185 53.573582,9.804862 53.573514,9.804822 53.573505));EPSG:4326
DE.HH.UP_FRIEDHOEFE_63;3225;Jüdischer Friedhof Altona;Königsstraße 10a;Königsstraße 10a;71;Friedhöfe;Altona;Altona-Altstadt;201;0;01.10.25;1,9123;;Privat;Privat (Kirche);POLYGON ((9.951212 53.549984,9.951236 53.549927,9.950862 53.549831,9.950974 53.549536,9.950997 53.549474,9.950423 53.549371,9.949533 53.549211,9.949512 53.549255,9.949481 53.549318,9.949385 53.549446,9.949159 53.549746,9.949102 53.549901,9.948946 53.550339,9.949005 53.550468,9.949071 53.550614,9.949154 53.550797,9.950065 53.550672,9.950791 53.550571,9.950910 53.550555,9.950967 53.550547,9.951139 53.550523,9.951146 53.550522,9.951170 53.550437,9.951211 53.550293,9.951240 53.550168,9.951137 53.550159,9.951212 53.549984));EPSG:4326
DE.HH.UP_FRIEDHOEFE_64;3283;Nienstedtener Friedhof;Rupertistraße 37;Rupertistraße 37;71;Friedhöfe;Altona;Nienstedten;222;0;01.10.25;9,3698;;Privat;Privat (Kirche);POLYGON ((9.841315 53.555811,9.841372 53.555795,9.841700 53.555708,9.842130 53.555602,9.842170 53.555591,9.842658 53.555479,9.842923 53.555421,9.843200 53.555365,9.843211 53.555363,9.842993 53.555025,9.843158 53.554993,9.843231 53.554979,9.843242 53.554977,9.843373 53.554951,9.843171 53.554639,9.843220 53.554626,9.843304 53.554595,9.843463 53.554531,9.843711 53.554432,9.844109 53.554273,9.844122 53.554267,9.843948 53.553753,9.843803 53.553325,9.843734 53.553122,9.844469 53.553029,9.844460 53.553001,9.844433 53.553006,9.844132 53.553040,9.844075 53.552903,9.844035 53.552807,9.843713 53.552850,9.843712 53.552847,9.843702 53.552815,9.843658 53.552678,9.843596 53.552687,9.843352 53.552717,9.842905 53.552784,9.842778 53.552544,9.842709 53.552414,9.842172 53.552542,9.841950 53.552186,9.841946 53.552180,9.841676 53.551753,9.841552 53.551557,9.841493 53.551587,9.841434 53.551620,9.841377 53.551652,9.840671 53.552202,9.840578 53.552275,9.840102 53.552601,9.839761 53.552846,9.839734 53.552867,9.839735 53.552869,9.839523 53.553028,9.839520 53.553030,9.839520 53.553030,9.839374 53.553146,9.839350 53.553165,9.839349 53.553166,9.839130 53.553338,9.838963 53.553471,9.838962 53.553471,9.838956 53.553477,9.838936 53.553492,9.838564 53.553785,9.838906 53.554269,9.838657 53.554326,9.838665 53.554338,9.838713 53.554405,9.838834 53.554578,9.838872 53.554633,9.839030 53.554595,9.839272 53.554538,9.839479 53.554488,9.839604 53.554459,9.839724 53.554430,9.839776 53.554418,9.839822 53.554407,9.839825 53.554406,9.839924 53.554383,9.840132 53.554333,9.840340 53.554644,9.840461 53.554826,9.840963 53.554711,9.841233 53.555107,9.841080 53.555142,9.840897 53.555182,9.841088 53.555473,9.841306 53.555808,9.841312 53.555806,9.841315 53.555811));EPSG:4326
DE.HH.UP_FRIEDHOEFE_65;3326;Friedhof Altona;Stadionstraße;Stadionstraße;70;Friedhöfe;Altona;Bahrenfeld;217;0;01.10.25;61,7552;;FHH;Stadtgrün;POLYGON ((9.890034 53.589141,9.890452 53.587922,9.892328 53.588355,9.892251 53.588253,9.892339 53.587812,9.892751 53.587854,9.892608 53.588295,9.893610 53.588083,9.893885 53.588038,9.896305 53.587703,9.896339 53.587678,9.896082 53.587043,9.894730 53.583888,9.894651 53.583829,9.892213 53.583200,9.892194 53.583226,9.891642 53.583127,9.891634 53.583144,9.891575 53.583133,9.891535 53.583126,9.891543 53.583110,9.889477 53.582747,9.889536 53.582631,9.889148 53.582495,9.889162 53.582482,9.888671 53.582301,9.888223 53.582126,9.885936 53.581201,9.885878 53.581241,9.885840 53.581267,9.885613 53.581421,9.885567 53.581453,9.884372 53.582269,9.883431 53.581779,9.883213 53.582163,9.883227 53.582271,9.882928 53.582664,9.882984 53.582676,9.883070 53.582694,9.882998 53.582814,9.882905 53.582970,9.882766 53.583202,9.882629 53.583431,9.882316 53.583364,9.882218 53.583529,9.882127 53.583682,9.882036 53.583834,9.881969 53.583947,9.881960 53.583959,9.881363 53.583913,9.881079 53.583891,9.881045 53.583888,9.880897 53.584073,9.881734 53.584285,9.881619 53.584451,9.881594 53.584487,9.881493 53.584614,9.881377 53.584760,9.881177 53.585012,9.881103 53.585036,9.880952 53.585173,9.880761 53.585346,9.880561 53.585526,9.880395 53.585677,9.880246 53.585811,9.880053 53.585986,9.880041 53.585993,9.880832 53.586418,9.881390 53.586713,9.882026 53.587103,9.882858 53.587685,9.883919 53.588463,9.884956 53.589255,9.885207 53.589303,9.889872 53.589614,9.890034 53.589141));EPSG:4326
DE.HH.UP_FRIEDHOEFE_66;3054;Friedhof Altengamme;Kirchenstegel;Kirchenstegel;71;Friedhöfe;Bergedorf;Altengamme;605;0;01.10.25;1,0057;;Privat;Privat (Kirche);POLYGON ((10.270690 53.430325,10.270530 53.429858,10.270506 53.429780,10.270565 53.429777,10.270517 53.429654,10.270388 53.429274,10.270186 53.429301,10.270009 53.429283,10.269735 53.429294,10.269596 53.429303,10.269454 53.429304,10.269392 53.429129,10.268865 53.429224,10.269131 53.429981,10.269151 53.429978,10.269267 53.429958,10.269365 53.429934,10.269413 53.429923,10.269531 53.429895,10.269642 53.429883,10.269696 53.429879,10.269733 53.429876,10.269741 53.429894,10.269855 53.430215,10.269926 53.430415,10.270690 53.430325));EPSG:4326
DE.HH.UP_FRIEDHOEFE_67;3384;Friedhof Langenbek;Meckelfelder Weg;Meckelfelder Weg;70;Friedhöfe;Harburg;Sinstorf;708;0;01.10.25;1,074;;FHH;Stadtgrün;POLYGON ((9.995067 53.429567,9.995228 53.428126,9.994569 53.428292,9.994365 53.428343,9.994065 53.428418,9.993911 53.429518,9.994038 53.429523,9.994254 53.429532,9.994383 53.429537,9.995067 53.429567));EPSG:4326
DE.HH.UP_FRIEDHOEFE_68;5493;Friedhof Langenbek;Meckelfelder Weg;Meckelfelder Weg;70;Friedhöfe;Harburg;Sinstorf;708;719;01.10.25;0,0734;;FHH;AGV;POLYGON ((9.988294 53.425413,9.988477 53.425406,9.988957 53.425493,9.989295 53.425448,9.989233 53.425286,9.988294 53.425413));EPSG:4326
DE.HH.UP_FRIEDHOEFE_69;2171;Hauptfriedhof Öjendorf;Manshardtstraße;Manshardtstraße;70;Friedhöfe;Hamburg-Mitte;Billstedt;130;0;01.10.25;95,0028;;Privat;HF;POLYGON ((10.135800 53.560898,10.135739 53.560718,10.135555 53.560121,10.135444 53.559802,10.135364 53.559473,10.135244 53.559008,10.135058 53.558684,10.135074 53.558639,10.134894 53.558010,10.134854 53.557772,10.134811 53.557699,10.134988 53.557669,10.134985 53.557737,10.135087 53.557994,10.135432 53.558140,10.135538 53.558253,10.135561 53.558354,10.135499 53.558465,10.135431 53.558523,10.135298 53.558565,10.135183 53.558564,10.135187 53.558605,10.135179 53.558649,10.135167 53.558682,10.135205 53.558701,10.135572 53.558739,10.135650 53.558791,10.135664 53.558872,10.135586 53.558946,10.135645 53.559190,10.135644 53.559350,10.135755 53.559460,10.135847 53.559493,10.135909 53.559557,10.135910 53.559627,10.135957 53.559850,10.136022 53.559949,10.136002 53.560044,10.136117 53.560275,10.136110 53.560335,10.135963 53.560568,10.135835 53.560638,10.135829 53.560712,10.135889 53.560889,10.135953 53.561201,10.136003 53.561380,10.136221 53.561754,10.136251 53.561854,10.136490 53.562267,10.137216 53.562108,10.136765 53.561368,10.136619 53.560927,10.136384 53.560178,10.136198 53.559581,10.135992 53.558907,10.135786 53.558250,10.135574 53.557558,10.135364 53.556896,10.135151 53.556195,10.134943 53.555531,10.134721 53.554815,10.134502 53.554103,10.134201 53.553155,10.133834 53.552207,10.133512 53.551144,10.133512 53.551144,10.133256 53.552272,10.133187 53.552474,10.133383 53.552537,10.133645 53.552577,10.133800 53.552648,10.133847 53.552745,10.133803 53.552888,10.133447 53.552801,10.133253 53.552771,10.133222 53.552793,10.133196 53.552854,10.133203 53.553081,10.133023 53.553104,10.132999 53.552977,10.133021 53.552838,10.133010 53.552766,10.132768 53.552699,10.132633 53.552599,10.132721 53.552495,10.132840 53.552464,10.132957 53.552275,10.133226 53.551104,10.133243 53.551027,10.133273 53.551029,10.133273 53.551029,10.133325 53.550790,10.133185 53.550248,10.132755 53.550266,10.132396 53.550280,10.132066 53.550308,10.131697 53.550324,10.131284 53.550352,10.129917 53.550483,10.129018 53.550558,10.128457 53.550593,10.127329 53.550653,10.127615 53.551266,10.127705 53.551459,10.127849 53.551766,10.127471 53.551826,10.127462 53.551809,10.127455 53.551794,10.127444 53.551770,10.127047 53.550923,10.125042 53.551141,10.122509 53.551415,10.119590 53.551731,10.119969 53.552632,10.120061 53.552894,10.120222 53.553352,10.120175 53.554034,10.120172 53.554694,10.120219 53.554805,10.120552 53.555068,10.121261 53.555520,10.121631 53.555796,10.121754 53.555943,10.121906 53.556238,10.122029 53.556525,10.122146 53.556809,10.122091 53.556820,10.121614 53.556920,10.121696 53.556990,10.121761 53.557051,10.122162 53.557420,10.122224 53.557472,10.122278 53.557512,10.122341 53.557547,10.122411 53.557578,10.122487 53.557602,10.122568 53.557620,10.122653 53.557632,10.122739 53.557636,10.122826 53.557634,10.122911 53.557625,10.123011 53.557609,10.123023 53.557633,10.123053 53.557628,10.123179 53.557896,10.122810 53.558101,10.122891 53.558380,10.122955 53.558631,10.123032 53.559032,10.123026 53.559354,10.123822 53.559508,10.126262 53.559980,10.126498 53.560026,10.126788 53.560082,10.127168 53.560155,10.129745 53.560671,10.130552 53.560831,10.130983 53.560902,10.130989 53.560917,10.131010 53.560919,10.131121 53.560916,10.131977 53.561089,10.132211 53.561133,10.132248 53.561140,10.133477 53.561371,10.134339 53.561540,10.135682 53.561801,10.135735 53.561926,10.136202 53.562176,10.136396 53.562282,10.136166 53.561876,10.136131 53.561763,10.135921 53.561404,10.135880 53.561381,10.135715 53.561352,10.135651 53.561328,10.135652 53.561261,10.135731 53.561239,10.135861 53.561194,10.135800 53.560898),(10.133034 53.553140,10.133215 53.553117,10.133236 53.553149,10.133470 53.553230,10.133595 53.553335,10.133631 53.553464,10.133581 53.553855,10.133613 53.554027,10.133823 53.554665,10.133824 53.554756,10.133641 53.554748,10.133380 53.554006,10.133254 53.553686,10.133189 53.553613,10.133075 53.553436,10.133008 53.553264,10.133034 53.553140),(10.134795 53.557573,10.134737 53.557492,10.134444 53.557272,10.134354 53.557143,10.134374 53.557055,10.134459 53.556883,10.134397 53.556688,10.134051 53.555977,10.134006 53.555810,10.133869 53.555652,10.133762 53.555549,10.133593 53.555444,10.133406 53.555370,10.133185 53.555316,10.133039 53.555231,10.132974 53.555006,10.133020 53.554888,10.133267 53.554845,10.133381 53.554852,10.133507 53.554930,10.133553 53.554928,10.133596 53.554912,10.133622 53.554888,10.133637 53.554784,10.133828 53.554792,10.133875 53.554831,10.134078 53.555294,10.134119 53.555420,10.134218 53.555957,10.134662 53.556484,10.134991 53.557053,10.135050 53.557210,10.135064 53.557340,10.134973 53.557634,10.134792 53.557665,10.134795 53.557573));EPSG:4326
DE.HH.UP_FRIEDHOEFE_70;6041;Alter Friedhof Finkenwerder;Finkenwerder Landscheide;Finkenwerder Landscheide;70;Friedhöfe;Hamburg-Mitte;Finkenwerder;141;0;01.10.25;1,215;;FHH;Stadtgrün;POLYGON ((9.866134 53.528559,9.866378 53.527451,9.866341 53.527453,9.866319 53.527461,9.866295 53.527467,9.866269 53.527470,9.866130 53.527480,9.865885 53.527503,9.865606 53.527531,9.865596 53.527532,9.865555 53.527536,9.865548 53.527537,9.865546 53.527537,9.865528 53.527538,9.865509 53.527538,9.865504 53.527538,9.865481 53.527535,9.865450 53.527531,9.865275 53.527543,9.865269 53.527544,9.865281 53.527543,9.865153 53.527555,9.864957 53.527579,9.864861 53.527591,9.864668 53.527615,9.864621 53.527843,9.864587 53.528011,9.864576 53.528067,9.864566 53.528112,9.864551 53.528184,9.864479 53.528181,9.864465 53.528285,9.864525 53.528290,9.864482 53.528468,9.865558 53.528527,9.866134 53.528559));EPSG:4326